<?xml version="1.0" encoding="UTF-8"?>
<annotations textSource="CIDRAP_20161223T092534.txt">
    <annotation>
        <mention id="EHOST_Instance_1167" />
        <annotator id="01">Myrthe</annotator>
        <span start="1025" end="1028" />
        <spannedText>not</spannedText>
        <creationDate>Tue Jan 05 20:09:16 CET 2021</creationDate>
    </annotation>
    <classMention id="EHOST_Instance_1167">
        <mentionClass id="NegCue">not</mentionClass>
    </classMention>
    <annotation>
        <mention id="EHOST_Instance_1168" />
        <annotator id="01">Myrthe</annotator>
        <span start="1110" end="1113" />
        <spannedText>n't</spannedText>
        <creationDate>Tue Jan 05 20:09:27 CET 2021</creationDate>
    </annotation>
    <classMention id="EHOST_Instance_1168">
        <mentionClass id="NegCue">n't</mentionClass>
    </classMention>
    <annotation>
        <mention id="EHOST_Instance_1169" />
        <annotator id="01">Myrthe</annotator>
        <span start="1675" end="1678" />
        <spannedText>not</spannedText>
        <creationDate>Tue Jan 05 20:09:54 CET 2021</creationDate>
    </annotation>
    <classMention id="EHOST_Instance_1169">
        <mentionClass id="NegCue">not</mentionClass>
    </classMention>
    <eHOST_Adjudication_Status version="1.0">
        <Adjudication_Selected_Annotators version="1.0" />
        <Adjudication_Selected_Classes version="1.0" />
        <Adjudication_Others>
            <CHECK_OVERLAPPED_SPANS>false</CHECK_OVERLAPPED_SPANS>
            <CHECK_ATTRIBUTES>false</CHECK_ATTRIBUTES>
            <CHECK_RELATIONSHIP>false</CHECK_RELATIONSHIP>
            <CHECK_CLASS>false</CHECK_CLASS>
            <CHECK_COMMENT>false</CHECK_COMMENT>
        </Adjudication_Others>
    </eHOST_Adjudication_Status>
</annotations>

