<?xml version="1.0" encoding="UTF-8"?>
<annotations textSource="Couples-Resorts-Message-Board_20160822T123023.txt">
    <annotation>
        <mention id="EHOST_Instance_1170" />
        <annotator id="01">Myrthe</annotator>
        <span start="98" end="101" />
        <spannedText>n't</spannedText>
        <creationDate>Tue Jan 05 18:04:48 CET 2021</creationDate>
    </annotation>
    <classMention id="EHOST_Instance_1170">
        <mentionClass id="NegCue">n't</mentionClass>
    </classMention>
    <annotation>
        <mention id="EHOST_Instance_1171" />
        <annotator id="01">Myrthe</annotator>
        <span start="311" end="314" />
        <spannedText>n't</spannedText>
        <creationDate>Tue Jan 05 18:05:02 CET 2021</creationDate>
    </annotation>
    <classMention id="EHOST_Instance_1171">
        <mentionClass id="NegCue">n't</mentionClass>
    </classMention>
    <annotation>
        <mention id="EHOST_Instance_1172" />
        <annotator id="01">Myrthe</annotator>
        <span start="398" end="401" />
        <spannedText>not</spannedText>
        <creationDate>Tue Jan 05 18:05:08 CET 2021</creationDate>
    </annotation>
    <classMention id="EHOST_Instance_1172">
        <mentionClass id="NegCue">not</mentionClass>
    </classMention>
    <annotation>
        <mention id="EHOST_Instance_1173" />
        <annotator id="01">Myrthe</annotator>
        <span start="550" end="553" />
        <spannedText>not</spannedText>
        <creationDate>Tue Jan 05 18:05:18 CET 2021</creationDate>
    </annotation>
    <classMention id="EHOST_Instance_1173">
        <mentionClass id="NegCue">not</mentionClass>
    </classMention>
    <annotation>
        <mention id="EHOST_Instance_1174" />
        <annotator id="01">Myrthe</annotator>
        <span start="681" end="684" />
        <spannedText>n't</spannedText>
        <creationDate>Tue Jan 05 18:05:25 CET 2021</creationDate>
    </annotation>
    <classMention id="EHOST_Instance_1174">
        <mentionClass id="NegCue">n't</mentionClass>
    </classMention>
    <annotation>
        <mention id="EHOST_Instance_1175" />
        <annotator id="01">Myrthe</annotator>
        <span start="767" end="770" />
        <spannedText>not</spannedText>
        <creationDate>Tue Jan 05 18:05:31 CET 2021</creationDate>
    </annotation>
    <classMention id="EHOST_Instance_1175">
        <mentionClass id="NegCue">not</mentionClass>
    </classMention>
    <annotation>
        <mention id="EHOST_Instance_1176" />
        <annotator id="01">Myrthe</annotator>
        <span start="850" end="852" />
        <spannedText>no</spannedText>
        <creationDate>Tue Jan 05 18:05:35 CET 2021</creationDate>
    </annotation>
    <classMention id="EHOST_Instance_1176">
        <mentionClass id="NegCue">no</mentionClass>
    </classMention>
    <annotation>
        <mention id="EHOST_Instance_1177" />
        <annotator id="01">Myrthe</annotator>
        <span start="973" end="976" />
        <spannedText>not</spannedText>
        <creationDate>Tue Jan 05 18:05:42 CET 2021</creationDate>
    </annotation>
    <classMention id="EHOST_Instance_1177">
        <mentionClass id="NegCue">not</mentionClass>
    </classMention>
    <annotation>
        <mention id="EHOST_Instance_1178" />
        <annotator id="01">Myrthe</annotator>
        <span start="1202" end="1205" />
        <spannedText>not</spannedText>
        <creationDate>Tue Jan 05 18:05:53 CET 2021</creationDate>
    </annotation>
    <classMention id="EHOST_Instance_1178">
        <mentionClass id="NegCue">not</mentionClass>
    </classMention>
    <eHOST_Adjudication_Status version="1.0">
        <Adjudication_Selected_Annotators version="1.0" />
        <Adjudication_Selected_Classes version="1.0" />
        <Adjudication_Others>
            <CHECK_OVERLAPPED_SPANS>false</CHECK_OVERLAPPED_SPANS>
            <CHECK_ATTRIBUTES>false</CHECK_ATTRIBUTES>
            <CHECK_RELATIONSHIP>false</CHECK_RELATIONSHIP>
            <CHECK_CLASS>false</CHECK_CLASS>
            <CHECK_COMMENT>false</CHECK_COMMENT>
        </Adjudication_Others>
    </eHOST_Adjudication_Status>
</annotations>

