<?xml version="1.0" encoding="UTF-8"?>
<annotations textSource="en-wikipedia-org_20170702T222036.txt">
    <annotation>
        <mention id="EHOST_Instance_1234" />
        <annotator id="eHOST_2010">Myrthe</annotator>
        <span start="954" end="956" />
        <spannedText>no</spannedText>
        <creationDate>Wed Jan 06 11:39:05 CET 2021</creationDate>
    </annotation>
    <classMention id="EHOST_Instance_1234">
        <mentionClass id="NegCue">no</mentionClass>
    </classMention>
    <annotation>
        <mention id="EHOST_Instance_1235" />
        <annotator id="eHOST_2010">Myrthe</annotator>
        <span start="1003" end="1006" />
        <spannedText>not</spannedText>
        <creationDate>Wed Jan 06 11:39:14 CET 2021</creationDate>
    </annotation>
    <classMention id="EHOST_Instance_1235">
        <mentionClass id="NegCue">not</mentionClass>
    </classMention>
    <annotation>
        <mention id="EHOST_Instance_1236" />
        <annotator id="eHOST_2010">Myrthe</annotator>
        <span start="1194" end="1197" />
        <spannedText>not</spannedText>
        <creationDate>Wed Jan 06 11:40:05 CET 2021</creationDate>
    </annotation>
    <classMention id="EHOST_Instance_1236">
        <mentionClass id="NegCue">not</mentionClass>
    </classMention>
    <annotation>
        <mention id="EHOST_Instance_1237" />
        <annotator id="eHOST_2010">Myrthe</annotator>
        <span start="2086" end="2089" />
        <spannedText>not</spannedText>
        <creationDate>Wed Jan 06 11:40:39 CET 2021</creationDate>
    </annotation>
    <classMention id="EHOST_Instance_1237">
        <mentionClass id="NegCue">not</mentionClass>
    </classMention>
    <annotation>
        <mention id="EHOST_Instance_1238" />
        <annotator id="eHOST_2010">Myrthe</annotator>
        <span start="3535" end="3538" />
        <spannedText>not</spannedText>
        <creationDate>Wed Jan 06 11:42:35 CET 2021</creationDate>
    </annotation>
    <classMention id="EHOST_Instance_1238">
        <mentionClass id="NegCue">not</mentionClass>
    </classMention>
    <eHOST_Adjudication_Status version="1.0">
        <Adjudication_Selected_Annotators version="1.0" />
        <Adjudication_Selected_Classes version="1.0" />
        <Adjudication_Others>
            <CHECK_OVERLAPPED_SPANS>false</CHECK_OVERLAPPED_SPANS>
            <CHECK_ATTRIBUTES>false</CHECK_ATTRIBUTES>
            <CHECK_RELATIONSHIP>false</CHECK_RELATIONSHIP>
            <CHECK_CLASS>false</CHECK_CLASS>
            <CHECK_COMMENT>false</CHECK_COMMENT>
        </Adjudication_Others>
    </eHOST_Adjudication_Status>
</annotations>

