<?xml version="1.0" encoding="UTF-8"?>
<annotations textSource="fitfortravel-nhs-uk_20160812T165007.txt">
    <annotation>
        <mention id="EHOST_Instance_1239" />
        <annotator id="eHOST_2010">Myrthe</annotator>
        <span start="1949" end="1951" />
        <spannedText>No</spannedText>
        <creationDate>Wed Jan 06 12:01:04 CET 2021</creationDate>
    </annotation>
    <classMention id="EHOST_Instance_1239">
        <mentionClass id="NegCue">No</mentionClass>
    </classMention>
    <annotation>
        <mention id="EHOST_Instance_1240" />
        <annotator id="eHOST_2010">Myrthe</annotator>
        <span start="2589" end="2592" />
        <spannedText>not</spannedText>
        <creationDate>Wed Jan 06 12:01:35 CET 2021</creationDate>
    </annotation>
    <classMention id="EHOST_Instance_1240">
        <mentionClass id="NegCue">not</mentionClass>
    </classMention>
    <annotation>
        <mention id="EHOST_Instance_1241" />
        <annotator id="eHOST_2010">Myrthe</annotator>
        <span start="3175" end="3178" />
        <spannedText>not</spannedText>
        <creationDate>Wed Jan 06 12:01:55 CET 2021</creationDate>
    </annotation>
    <classMention id="EHOST_Instance_1241">
        <mentionClass id="NegCue">not</mentionClass>
    </classMention>
    <annotation>
        <mention id="EHOST_Instance_1242" />
        <annotator id="eHOST_2010">Myrthe</annotator>
        <span start="3782" end="3785" />
        <spannedText>not</spannedText>
        <creationDate>Wed Jan 06 12:02:22 CET 2021</creationDate>
    </annotation>
    <classMention id="EHOST_Instance_1242">
        <mentionClass id="NegCue">not</mentionClass>
    </classMention>
    <annotation>
        <mention id="EHOST_Instance_1243" />
        <annotator id="eHOST_2010">Myrthe</annotator>
        <span start="4760" end="4762" />
        <spannedText>no</spannedText>
        <creationDate>Wed Jan 06 12:03:29 CET 2021</creationDate>
    </annotation>
    <classMention id="EHOST_Instance_1243">
        <mentionClass id="NegCue">no</mentionClass>
    </classMention>
    <annotation>
        <mention id="EHOST_Instance_1244" />
        <annotator id="eHOST_2010">Myrthe</annotator>
        <span start="4793" end="4796" />
        <spannedText>not</spannedText>
        <creationDate>Wed Jan 06 12:03:31 CET 2021</creationDate>
    </annotation>
    <classMention id="EHOST_Instance_1244">
        <mentionClass id="NegCue">not</mentionClass>
    </classMention>
    <annotation>
        <mention id="EHOST_Instance_1245" />
        <annotator id="eHOST_2010">Myrthe</annotator>
        <span start="5763" end="5765" />
        <spannedText>no</spannedText>
        <creationDate>Wed Jan 06 12:04:15 CET 2021</creationDate>
    </annotation>
    <classMention id="EHOST_Instance_1245">
        <mentionClass id="NegCue">no</mentionClass>
    </classMention>
    <annotation>
        <mention id="EHOST_Instance_1246" />
        <annotator id="eHOST_2010">Myrthe</annotator>
        <span start="6220" end="6223" />
        <spannedText>not</spannedText>
        <creationDate>Wed Jan 06 12:04:31 CET 2021</creationDate>
    </annotation>
    <classMention id="EHOST_Instance_1246">
        <mentionClass id="NegCue">not</mentionClass>
    </classMention>
    <annotation>
        <mention id="EHOST_Instance_1247" />
        <annotator id="eHOST_2010">Myrthe</annotator>
        <span start="6457" end="6460" />
        <spannedText>non</spannedText>
        <creationDate>Wed Jan 06 12:04:42 CET 2021</creationDate>
    </annotation>
    <classMention id="EHOST_Instance_1247">
        <mentionClass id="NegCue">non</mentionClass>
    </classMention>
    <annotation>
        <mention id="EHOST_Instance_1248" />
        <annotator id="eHOST_2010">Myrthe</annotator>
        <span start="6587" end="6590" />
        <spannedText>non</spannedText>
        <creationDate>Wed Jan 06 12:04:50 CET 2021</creationDate>
    </annotation>
    <classMention id="EHOST_Instance_1248">
        <mentionClass id="NegCue">non</mentionClass>
    </classMention>
    <annotation>
        <mention id="EHOST_Instance_1249" />
        <annotator id="eHOST_2010">Myrthe</annotator>
        <span start="609" end="612" />
        <spannedText>not</spannedText>
        <creationDate>Wed Jan 06 12:05:12 CET 2021</creationDate>
    </annotation>
    <classMention id="EHOST_Instance_1249">
        <mentionClass id="NegCue">not</mentionClass>
    </classMention>
    <eHOST_Adjudication_Status version="1.0">
        <Adjudication_Selected_Annotators version="1.0" />
        <Adjudication_Selected_Classes version="1.0" />
        <Adjudication_Others>
            <CHECK_OVERLAPPED_SPANS>false</CHECK_OVERLAPPED_SPANS>
            <CHECK_ATTRIBUTES>false</CHECK_ATTRIBUTES>
            <CHECK_RELATIONSHIP>false</CHECK_RELATIONSHIP>
            <CHECK_CLASS>false</CHECK_CLASS>
            <CHECK_COMMENT>false</CHECK_COMMENT>
        </Adjudication_Others>
    </eHOST_Adjudication_Status>
</annotations>

