<?xml version="1.0" encoding="UTF-8"?>
<annotations textSource="CIDRAP_20161223T092534.txt">
    <annotation>
        <mention id="EHOST_Instance_713" />
        <annotator id="eHOST_2010">Jona</annotator>
        <span start="1025" end="1028" />
        <spannedText>not</spannedText>
        <creationDate>Thu Jan 07 20:10:59 CET 2021</creationDate>
    </annotation>
    <classMention id="EHOST_Instance_713">
        <mentionClass id="NegCue">not</mentionClass>
    </classMention>
    <annotation>
        <mention id="EHOST_Instance_714" />
        <annotator id="eHOST_2010">Jona</annotator>
        <span start="1110" end="1113" />
        <spannedText>n't</spannedText>
        <creationDate>Thu Jan 07 20:11:05 CET 2021</creationDate>
    </annotation>
    <classMention id="EHOST_Instance_714">
        <mentionClass id="NegCue">n't</mentionClass>
    </classMention>
    <annotation>
        <mention id="EHOST_Instance_715" />
        <annotator id="eHOST_2010">Jona</annotator>
        <span start="1675" end="1678" />
        <spannedText>not</spannedText>
        <creationDate>Thu Jan 07 20:11:18 CET 2021</creationDate>
    </annotation>
    <classMention id="EHOST_Instance_715">
        <mentionClass id="NegCue">not</mentionClass>
    </classMention>
    <annotation>
        <mention id="EHOST_Instance_716" />
        <annotator id="eHOST_2010">Jona</annotator>
        <span start="1025" end="1028" />
        <spannedText>not</spannedText>
        <creationDate>Thu Jan 07 20:10:59 CET 2021</creationDate>
    </annotation>
    <classMention id="EHOST_Instance_716">
        <mentionClass id="NegCue">not</mentionClass>
    </classMention>
    <annotation>
        <mention id="EHOST_Instance_717" />
        <annotator id="eHOST_2010">Jona</annotator>
        <span start="1110" end="1113" />
        <spannedText>n't</spannedText>
        <creationDate>Thu Jan 07 20:11:05 CET 2021</creationDate>
    </annotation>
    <classMention id="EHOST_Instance_717">
        <mentionClass id="NegCue">n't</mentionClass>
    </classMention>
    <annotation>
        <mention id="EHOST_Instance_718" />
        <annotator id="eHOST_2010">Jona</annotator>
        <span start="1675" end="1678" />
        <spannedText>not</spannedText>
        <creationDate>Thu Jan 07 20:11:18 CET 2021</creationDate>
    </annotation>
    <classMention id="EHOST_Instance_718">
        <mentionClass id="NegCue">not</mentionClass>
    </classMention>
    <annotation>
        <mention id="EHOST_Instance_719" />
        <annotator id="eHOST_2010">Eva</annotator>
        <span start="1025" end="1028" />
        <spannedText>not</spannedText>
        <creationDate>Tue Jan 05 18:24:51 CET 2021</creationDate>
    </annotation>
    <classMention id="EHOST_Instance_719">
        <mentionClass id="NegCue">not</mentionClass>
    </classMention>
    <annotation>
        <mention id="EHOST_Instance_720" />
        <annotator id="eHOST_2010">Eva</annotator>
        <span start="1110" end="1113" />
        <spannedText>n't</spannedText>
        <creationDate>Tue Jan 05 18:25:01 CET 2021</creationDate>
    </annotation>
    <classMention id="EHOST_Instance_720">
        <mentionClass id="NegCue">n't</mentionClass>
    </classMention>
    <annotation>
        <mention id="EHOST_Instance_721" />
        <annotator id="eHOST_2010">Eva</annotator>
        <span start="1675" end="1678" />
        <spannedText>not</spannedText>
        <creationDate>Tue Jan 05 18:25:16 CET 2021</creationDate>
    </annotation>
    <classMention id="EHOST_Instance_721">
        <mentionClass id="NegCue">not</mentionClass>
    </classMention>
    <annotation>
        <mention id="EHOST_Instance_722" />
        <annotator id="eHOST_2010">Jona</annotator>
        <span start="1025" end="1028" />
        <spannedText>not</spannedText>
        <creationDate>Thu Jan 07 20:10:59 CET 2021</creationDate>
    </annotation>
    <classMention id="EHOST_Instance_722">
        <mentionClass id="NegCue">not</mentionClass>
    </classMention>
    <annotation>
        <mention id="EHOST_Instance_723" />
        <annotator id="eHOST_2010">Jona</annotator>
        <span start="1110" end="1113" />
        <spannedText>n't</spannedText>
        <creationDate>Thu Jan 07 20:11:05 CET 2021</creationDate>
    </annotation>
    <classMention id="EHOST_Instance_723">
        <mentionClass id="NegCue">n't</mentionClass>
    </classMention>
    <annotation>
        <mention id="EHOST_Instance_724" />
        <annotator id="eHOST_2010">Jona</annotator>
        <span start="1675" end="1678" />
        <spannedText>not</spannedText>
        <creationDate>Thu Jan 07 20:11:18 CET 2021</creationDate>
    </annotation>
    <classMention id="EHOST_Instance_724">
        <mentionClass id="NegCue">not</mentionClass>
    </classMention>
    <adjudicating>
        <mention id="EHOST_Instance_725" />
        <annotator id="eHOST_2010">Jona</annotator>
        <span start="1025" end="1028" />
        <spannedText>not</spannedText>
        <creationDate>Thu Jan 07 20:10:59 CET 2021</creationDate>
        <processed>true</processed>
        <AdjudicationStatus>MATCHES_OK</AdjudicationStatus>
    </adjudicating>
    <classMention id="EHOST_Instance_725">
        <mentionClass id="NegCue">not</mentionClass>
    </classMention>
    <adjudicating>
        <mention id="EHOST_Instance_726" />
        <annotator id="eHOST_2010">Jona</annotator>
        <span start="1110" end="1113" />
        <spannedText>n't</spannedText>
        <creationDate>Thu Jan 07 20:11:05 CET 2021</creationDate>
        <processed>true</processed>
        <AdjudicationStatus>MATCHES_OK</AdjudicationStatus>
    </adjudicating>
    <classMention id="EHOST_Instance_726">
        <mentionClass id="NegCue">n't</mentionClass>
    </classMention>
    <adjudicating>
        <mention id="EHOST_Instance_727" />
        <annotator id="eHOST_2010">Jona</annotator>
        <span start="1675" end="1678" />
        <spannedText>not</spannedText>
        <creationDate>Thu Jan 07 20:11:18 CET 2021</creationDate>
        <processed>true</processed>
        <AdjudicationStatus>MATCHES_OK</AdjudicationStatus>
    </adjudicating>
    <classMention id="EHOST_Instance_727">
        <mentionClass id="NegCue">not</mentionClass>
    </classMention>
    <adjudicating>
        <mention id="EHOST_Instance_728" />
        <annotator id="eHOST_2010">Jona</annotator>
        <span start="1025" end="1028" />
        <spannedText>not</spannedText>
        <creationDate>Thu Jan 07 20:10:59 CET 2021</creationDate>
        <processed>true</processed>
        <AdjudicationStatus>MATCHES_DLETED</AdjudicationStatus>
    </adjudicating>
    <classMention id="EHOST_Instance_728">
        <mentionClass id="NegCue">not</mentionClass>
    </classMention>
    <adjudicating>
        <mention id="EHOST_Instance_729" />
        <annotator id="eHOST_2010">Jona</annotator>
        <span start="1110" end="1113" />
        <spannedText>n't</spannedText>
        <creationDate>Thu Jan 07 20:11:05 CET 2021</creationDate>
        <processed>true</processed>
        <AdjudicationStatus>MATCHES_DLETED</AdjudicationStatus>
    </adjudicating>
    <classMention id="EHOST_Instance_729">
        <mentionClass id="NegCue">n't</mentionClass>
    </classMention>
    <adjudicating>
        <mention id="EHOST_Instance_730" />
        <annotator id="eHOST_2010">Jona</annotator>
        <span start="1675" end="1678" />
        <spannedText>not</spannedText>
        <creationDate>Thu Jan 07 20:11:18 CET 2021</creationDate>
        <processed>true</processed>
        <AdjudicationStatus>MATCHES_DLETED</AdjudicationStatus>
    </adjudicating>
    <classMention id="EHOST_Instance_730">
        <mentionClass id="NegCue">not</mentionClass>
    </classMention>
    <adjudicating>
        <mention id="EHOST_Instance_731" />
        <annotator id="eHOST_2010">Eva</annotator>
        <span start="1025" end="1028" />
        <spannedText>not</spannedText>
        <creationDate>Tue Jan 05 18:24:51 CET 2021</creationDate>
        <processed>true</processed>
        <AdjudicationStatus>MATCHES_DLETED</AdjudicationStatus>
    </adjudicating>
    <classMention id="EHOST_Instance_731">
        <mentionClass id="NegCue">not</mentionClass>
    </classMention>
    <adjudicating>
        <mention id="EHOST_Instance_732" />
        <annotator id="eHOST_2010">Eva</annotator>
        <span start="1110" end="1113" />
        <spannedText>n't</spannedText>
        <creationDate>Tue Jan 05 18:25:01 CET 2021</creationDate>
        <processed>true</processed>
        <AdjudicationStatus>MATCHES_DLETED</AdjudicationStatus>
    </adjudicating>
    <classMention id="EHOST_Instance_732">
        <mentionClass id="NegCue">n't</mentionClass>
    </classMention>
    <adjudicating>
        <mention id="EHOST_Instance_733" />
        <annotator id="eHOST_2010">Eva</annotator>
        <span start="1675" end="1678" />
        <spannedText>not</spannedText>
        <creationDate>Tue Jan 05 18:25:16 CET 2021</creationDate>
        <processed>true</processed>
        <AdjudicationStatus>MATCHES_DLETED</AdjudicationStatus>
    </adjudicating>
    <classMention id="EHOST_Instance_733">
        <mentionClass id="NegCue">not</mentionClass>
    </classMention>
    <adjudicating>
        <mention id="EHOST_Instance_734" />
        <annotator id="eHOST_2010">Jona</annotator>
        <span start="1025" end="1028" />
        <spannedText>not</spannedText>
        <creationDate>Thu Jan 07 20:10:59 CET 2021</creationDate>
        <processed>true</processed>
        <AdjudicationStatus>MATCHES_DLETED</AdjudicationStatus>
    </adjudicating>
    <classMention id="EHOST_Instance_734">
        <mentionClass id="NegCue">not</mentionClass>
    </classMention>
    <adjudicating>
        <mention id="EHOST_Instance_735" />
        <annotator id="eHOST_2010">Jona</annotator>
        <span start="1110" end="1113" />
        <spannedText>n't</spannedText>
        <creationDate>Thu Jan 07 20:11:05 CET 2021</creationDate>
        <processed>true</processed>
        <AdjudicationStatus>MATCHES_DLETED</AdjudicationStatus>
    </adjudicating>
    <classMention id="EHOST_Instance_735">
        <mentionClass id="NegCue">n't</mentionClass>
    </classMention>
    <adjudicating>
        <mention id="EHOST_Instance_736" />
        <annotator id="eHOST_2010">Jona</annotator>
        <span start="1675" end="1678" />
        <spannedText>not</spannedText>
        <creationDate>Thu Jan 07 20:11:18 CET 2021</creationDate>
        <processed>true</processed>
        <AdjudicationStatus>MATCHES_DLETED</AdjudicationStatus>
    </adjudicating>
    <classMention id="EHOST_Instance_736">
        <mentionClass id="NegCue">not</mentionClass>
    </classMention>
    <eHOST_Adjudication_Status version="1.0">
        <Adjudication_Selected_Annotators version="1.0">
            <Annotator>Jona</Annotator>
            <Annotator>Eva</Annotator>
            <Annotator>ADJUDICATION</Annotator>
        </Adjudication_Selected_Annotators>
        <Adjudication_Selected_Classes version="1.0">
            <Class>NegCue</Class>
        </Adjudication_Selected_Classes>
        <Adjudication_Others>
            <CHECK_OVERLAPPED_SPANS>false</CHECK_OVERLAPPED_SPANS>
            <CHECK_ATTRIBUTES>false</CHECK_ATTRIBUTES>
            <CHECK_RELATIONSHIP>false</CHECK_RELATIONSHIP>
            <CHECK_CLASS>false</CHECK_CLASS>
            <CHECK_COMMENT>false</CHECK_COMMENT>
        </Adjudication_Others>
    </eHOST_Adjudication_Status>
</annotations>

