<?xml version="1.0" encoding="UTF-8"?>
<annotations textSource="dogsnaturallymagazine-com_20160430T211917.txt">
    <annotation>
        <mention id="EHOST_Instance_923" />
        <annotator id="eHOST_2010">Jona</annotator>
        <span start="2615" end="2618" />
        <spannedText>n’t</spannedText>
        <creationDate>Thu Jan 07 20:19:45 CET 2021</creationDate>
    </annotation>
    <classMention id="EHOST_Instance_923">
        <mentionClass id="NegCue">n’t</mentionClass>
    </classMention>
    <annotation>
        <mention id="EHOST_Instance_924" />
        <annotator id="eHOST_2010">Jona</annotator>
        <span start="2660" end="2662" />
        <spannedText>im</spannedText>
        <creationDate>Thu Jan 07 20:20:08 CET 2021</creationDate>
    </annotation>
    <classMention id="EHOST_Instance_924">
        <mentionClass id="NegCue">im</mentionClass>
    </classMention>
    <annotation>
        <mention id="EHOST_Instance_925" />
        <annotator id="eHOST_2010">Jona</annotator>
        <span start="2935" end="2938" />
        <spannedText>n’t</spannedText>
        <creationDate>Thu Jan 07 20:20:27 CET 2021</creationDate>
    </annotation>
    <classMention id="EHOST_Instance_925">
        <mentionClass id="NegCue">n’t</mentionClass>
    </classMention>
    <annotation>
        <mention id="EHOST_Instance_926" />
        <annotator id="eHOST_2010">Jona</annotator>
        <span start="3193" end="3195" />
        <spannedText>un</spannedText>
        <creationDate>Thu Jan 07 20:20:40 CET 2021</creationDate>
    </annotation>
    <classMention id="EHOST_Instance_926">
        <mentionClass id="NegCue">un</mentionClass>
    </classMention>
    <annotation>
        <mention id="EHOST_Instance_927" />
        <annotator id="eHOST_2010">Jona</annotator>
        <span start="3277" end="3280" />
        <spannedText>not</spannedText>
        <creationDate>Thu Jan 07 20:20:46 CET 2021</creationDate>
    </annotation>
    <classMention id="EHOST_Instance_927">
        <mentionClass id="NegCue">not</mentionClass>
    </classMention>
    <annotation>
        <mention id="EHOST_Instance_928" />
        <annotator id="eHOST_2010">Jona</annotator>
        <span start="3422" end="3425" />
        <spannedText>not</spannedText>
        <creationDate>Thu Jan 07 20:20:51 CET 2021</creationDate>
    </annotation>
    <classMention id="EHOST_Instance_928">
        <mentionClass id="NegCue">not</mentionClass>
    </classMention>
    <annotation>
        <mention id="EHOST_Instance_929" />
        <annotator id="eHOST_2010">Jona</annotator>
        <span start="3487" end="3490" />
        <spannedText>not</spannedText>
        <creationDate>Thu Jan 07 20:20:54 CET 2021</creationDate>
    </annotation>
    <classMention id="EHOST_Instance_929">
        <mentionClass id="NegCue">not</mentionClass>
    </classMention>
    <annotation>
        <mention id="EHOST_Instance_930" />
        <annotator id="eHOST_2010">Jona</annotator>
        <span start="3505" end="3512" />
        <spannedText>neither</spannedText>
        <creationDate>Thu Jan 07 20:20:57 CET 2021</creationDate>
    </annotation>
    <classMention id="EHOST_Instance_930">
        <mentionClass id="NegCue">neither</mentionClass>
    </classMention>
    <annotation>
        <mention id="EHOST_Instance_931" />
        <annotator id="eHOST_2010">Jona</annotator>
        <span start="3665" end="3670" />
        <spannedText>Never</spannedText>
        <creationDate>Thu Jan 07 20:21:02 CET 2021</creationDate>
    </annotation>
    <classMention id="EHOST_Instance_931">
        <mentionClass id="NegCue">Never</mentionClass>
    </classMention>
    <annotation>
        <mention id="EHOST_Instance_932" />
        <annotator id="eHOST_2010">Jona</annotator>
        <span start="3927" end="3930" />
        <spannedText>n’t</spannedText>
        <creationDate>Thu Jan 07 20:21:22 CET 2021</creationDate>
    </annotation>
    <classMention id="EHOST_Instance_932">
        <mentionClass id="NegCue">n’t</mentionClass>
    </classMention>
    <annotation>
        <mention id="EHOST_Instance_933" />
        <annotator id="eHOST_2010">Jona</annotator>
        <span start="3970" end="3973" />
        <spannedText>n’t</spannedText>
        <creationDate>Thu Jan 07 20:21:31 CET 2021</creationDate>
    </annotation>
    <classMention id="EHOST_Instance_933">
        <mentionClass id="NegCue">n’t</mentionClass>
    </classMention>
    <annotation>
        <mention id="EHOST_Instance_934" />
        <annotator id="eHOST_2010">Jona</annotator>
        <span start="4107" end="4109" />
        <spannedText>un</spannedText>
        <creationDate>Thu Jan 07 20:21:43 CET 2021</creationDate>
    </annotation>
    <classMention id="EHOST_Instance_934">
        <mentionClass id="NegCue">un</mentionClass>
    </classMention>
    <annotation>
        <mention id="EHOST_Instance_935" />
        <annotator id="eHOST_2010">Jona</annotator>
        <span start="4323" end="4326" />
        <spannedText>n’t</spannedText>
        <creationDate>Thu Jan 07 20:21:51 CET 2021</creationDate>
    </annotation>
    <classMention id="EHOST_Instance_935">
        <mentionClass id="NegCue">n’t</mentionClass>
    </classMention>
    <annotation>
        <mention id="EHOST_Instance_936" />
        <annotator id="eHOST_2010">Jona</annotator>
        <span start="4872" end="4875" />
        <spannedText>not</spannedText>
        <creationDate>Thu Jan 07 20:22:09 CET 2021</creationDate>
    </annotation>
    <classMention id="EHOST_Instance_936">
        <mentionClass id="NegCue">not</mentionClass>
    </classMention>
    <annotation>
        <mention id="EHOST_Instance_937" />
        <annotator id="eHOST_2010">Jona</annotator>
        <span start="4984" end="4987" />
        <spannedText>not</spannedText>
        <creationDate>Thu Jan 07 20:22:13 CET 2021</creationDate>
    </annotation>
    <classMention id="EHOST_Instance_937">
        <mentionClass id="NegCue">not</mentionClass>
    </classMention>
    <annotation>
        <mention id="EHOST_Instance_938" />
        <annotator id="eHOST_2010">Jona</annotator>
        <span start="5143" end="5146" />
        <spannedText>n’t</spannedText>
        <creationDate>Thu Jan 07 20:22:25 CET 2021</creationDate>
    </annotation>
    <classMention id="EHOST_Instance_938">
        <mentionClass id="NegCue">n’t</mentionClass>
    </classMention>
    <annotation>
        <mention id="EHOST_Instance_939" />
        <annotator id="eHOST_2010">Jona</annotator>
        <span start="5623" end="5626" />
        <spannedText>n’t</spannedText>
        <creationDate>Thu Jan 07 20:22:53 CET 2021</creationDate>
    </annotation>
    <classMention id="EHOST_Instance_939">
        <mentionClass id="NegCue">n’t</mentionClass>
    </classMention>
    <annotation>
        <mention id="EHOST_Instance_940" />
        <annotator id="eHOST_2010">Jona</annotator>
        <span start="6427" end="6430" />
        <spannedText>n’t</spannedText>
        <creationDate>Thu Jan 07 20:23:17 CET 2021</creationDate>
    </annotation>
    <classMention id="EHOST_Instance_940">
        <mentionClass id="NegCue">n’t</mentionClass>
    </classMention>
    <annotation>
        <mention id="EHOST_Instance_941" />
        <annotator id="eHOST_2010">Jona</annotator>
        <span start="6719" end="6722" />
        <spannedText>not</spannedText>
        <creationDate>Thu Jan 07 20:23:34 CET 2021</creationDate>
    </annotation>
    <classMention id="EHOST_Instance_941">
        <mentionClass id="NegCue">not</mentionClass>
    </classMention>
    <annotation>
        <mention id="EHOST_Instance_942" />
        <annotator id="eHOST_2010">Jona</annotator>
        <span start="7058" end="7060" />
        <spannedText>un</spannedText>
        <creationDate>Thu Jan 07 20:23:48 CET 2021</creationDate>
    </annotation>
    <classMention id="EHOST_Instance_942">
        <mentionClass id="NegCue">un</mentionClass>
    </classMention>
    <annotation>
        <mention id="EHOST_Instance_943" />
        <annotator id="eHOST_2010">Jona</annotator>
        <span start="7079" end="7082" />
        <spannedText>not</spannedText>
        <creationDate>Thu Jan 07 20:23:52 CET 2021</creationDate>
    </annotation>
    <classMention id="EHOST_Instance_943">
        <mentionClass id="NegCue">not</mentionClass>
    </classMention>
    <annotation>
        <mention id="EHOST_Instance_944" />
        <annotator id="eHOST_2010">Jona</annotator>
        <span start="7128" end="7131" />
        <spannedText>not</spannedText>
        <creationDate>Thu Jan 07 20:23:54 CET 2021</creationDate>
    </annotation>
    <classMention id="EHOST_Instance_944">
        <mentionClass id="NegCue">not</mentionClass>
    </classMention>
    <annotation>
        <mention id="EHOST_Instance_945" />
        <annotator id="eHOST_2010">Jona</annotator>
        <span start="7223" end="7225" />
        <spannedText>un</spannedText>
        <creationDate>Thu Jan 07 20:24:02 CET 2021</creationDate>
    </annotation>
    <classMention id="EHOST_Instance_945">
        <mentionClass id="NegCue">un</mentionClass>
    </classMention>
    <annotation>
        <mention id="EHOST_Instance_946" />
        <annotator id="eHOST_2010">Jona</annotator>
        <span start="7767" end="7769" />
        <spannedText>un</spannedText>
        <creationDate>Thu Jan 07 20:24:21 CET 2021</creationDate>
    </annotation>
    <classMention id="EHOST_Instance_946">
        <mentionClass id="NegCue">un</mentionClass>
    </classMention>
    <annotation>
        <mention id="EHOST_Instance_947" />
        <annotator id="eHOST_2010">Jona</annotator>
        <span start="7819" end="7822" />
        <spannedText>non</spannedText>
        <creationDate>Thu Jan 07 20:24:44 CET 2021</creationDate>
    </annotation>
    <classMention id="EHOST_Instance_947">
        <mentionClass id="NegCue">non</mentionClass>
    </classMention>
    <annotation>
        <mention id="EHOST_Instance_948" />
        <annotator id="eHOST_2010">Jona</annotator>
        <span start="8263" end="8266" />
        <spannedText>n't</spannedText>
        <creationDate>Thu Jan 07 20:25:01 CET 2021</creationDate>
    </annotation>
    <classMention id="EHOST_Instance_948">
        <mentionClass id="NegCue">n't</mentionClass>
    </classMention>
    <annotation>
        <mention id="EHOST_Instance_949" />
        <annotator id="eHOST_2010">Jona</annotator>
        <span start="9715" end="9718" />
        <spannedText>not</spannedText>
        <creationDate>Thu Jan 07 20:25:25 CET 2021</creationDate>
    </annotation>
    <classMention id="EHOST_Instance_949">
        <mentionClass id="NegCue">not</mentionClass>
    </classMention>
    <annotation>
        <mention id="EHOST_Instance_950" />
        <annotator id="eHOST_2010">Jona</annotator>
        <span start="10063" end="10066" />
        <spannedText>not</spannedText>
        <creationDate>Thu Jan 07 20:25:33 CET 2021</creationDate>
    </annotation>
    <classMention id="EHOST_Instance_950">
        <mentionClass id="NegCue">not</mentionClass>
    </classMention>
    <annotation>
        <mention id="EHOST_Instance_951" />
        <annotator id="eHOST_2010">Jona</annotator>
        <span start="2615" end="2618" />
        <spannedText>n’t</spannedText>
        <creationDate>Thu Jan 07 20:19:45 CET 2021</creationDate>
    </annotation>
    <classMention id="EHOST_Instance_951">
        <mentionClass id="NegCue">n’t</mentionClass>
    </classMention>
    <annotation>
        <mention id="EHOST_Instance_952" />
        <annotator id="eHOST_2010">Jona</annotator>
        <span start="2660" end="2662" />
        <spannedText>im</spannedText>
        <creationDate>Thu Jan 07 20:20:08 CET 2021</creationDate>
    </annotation>
    <classMention id="EHOST_Instance_952">
        <mentionClass id="NegCue">im</mentionClass>
    </classMention>
    <annotation>
        <mention id="EHOST_Instance_953" />
        <annotator id="eHOST_2010">Jona</annotator>
        <span start="2935" end="2938" />
        <spannedText>n’t</spannedText>
        <creationDate>Thu Jan 07 20:20:27 CET 2021</creationDate>
    </annotation>
    <classMention id="EHOST_Instance_953">
        <mentionClass id="NegCue">n’t</mentionClass>
    </classMention>
    <annotation>
        <mention id="EHOST_Instance_954" />
        <annotator id="eHOST_2010">Jona</annotator>
        <span start="3193" end="3195" />
        <spannedText>un</spannedText>
        <creationDate>Thu Jan 07 20:20:40 CET 2021</creationDate>
    </annotation>
    <classMention id="EHOST_Instance_954">
        <mentionClass id="NegCue">un</mentionClass>
    </classMention>
    <annotation>
        <mention id="EHOST_Instance_955" />
        <annotator id="eHOST_2010">Jona</annotator>
        <span start="3277" end="3280" />
        <spannedText>not</spannedText>
        <creationDate>Thu Jan 07 20:20:46 CET 2021</creationDate>
    </annotation>
    <classMention id="EHOST_Instance_955">
        <mentionClass id="NegCue">not</mentionClass>
    </classMention>
    <annotation>
        <mention id="EHOST_Instance_956" />
        <annotator id="eHOST_2010">Jona</annotator>
        <span start="3422" end="3425" />
        <spannedText>not</spannedText>
        <creationDate>Thu Jan 07 20:20:51 CET 2021</creationDate>
    </annotation>
    <classMention id="EHOST_Instance_956">
        <mentionClass id="NegCue">not</mentionClass>
    </classMention>
    <annotation>
        <mention id="EHOST_Instance_957" />
        <annotator id="eHOST_2010">Jona</annotator>
        <span start="3487" end="3490" />
        <spannedText>not</spannedText>
        <creationDate>Thu Jan 07 20:20:54 CET 2021</creationDate>
    </annotation>
    <classMention id="EHOST_Instance_957">
        <mentionClass id="NegCue">not</mentionClass>
    </classMention>
    <annotation>
        <mention id="EHOST_Instance_958" />
        <annotator id="eHOST_2010">Jona</annotator>
        <span start="3505" end="3512" />
        <spannedText>neither</spannedText>
        <creationDate>Thu Jan 07 20:20:57 CET 2021</creationDate>
    </annotation>
    <classMention id="EHOST_Instance_958">
        <mentionClass id="NegCue">neither</mentionClass>
    </classMention>
    <annotation>
        <mention id="EHOST_Instance_959" />
        <annotator id="eHOST_2010">Jona</annotator>
        <span start="3665" end="3670" />
        <spannedText>Never</spannedText>
        <creationDate>Thu Jan 07 20:21:02 CET 2021</creationDate>
    </annotation>
    <classMention id="EHOST_Instance_959">
        <mentionClass id="NegCue">Never</mentionClass>
    </classMention>
    <annotation>
        <mention id="EHOST_Instance_960" />
        <annotator id="eHOST_2010">Jona</annotator>
        <span start="3927" end="3930" />
        <spannedText>n’t</spannedText>
        <creationDate>Thu Jan 07 20:21:22 CET 2021</creationDate>
    </annotation>
    <classMention id="EHOST_Instance_960">
        <mentionClass id="NegCue">n’t</mentionClass>
    </classMention>
    <annotation>
        <mention id="EHOST_Instance_961" />
        <annotator id="eHOST_2010">Jona</annotator>
        <span start="3970" end="3973" />
        <spannedText>n’t</spannedText>
        <creationDate>Thu Jan 07 20:21:31 CET 2021</creationDate>
    </annotation>
    <classMention id="EHOST_Instance_961">
        <mentionClass id="NegCue">n’t</mentionClass>
    </classMention>
    <annotation>
        <mention id="EHOST_Instance_962" />
        <annotator id="eHOST_2010">Jona</annotator>
        <span start="4107" end="4109" />
        <spannedText>un</spannedText>
        <creationDate>Thu Jan 07 20:21:43 CET 2021</creationDate>
    </annotation>
    <classMention id="EHOST_Instance_962">
        <mentionClass id="NegCue">un</mentionClass>
    </classMention>
    <annotation>
        <mention id="EHOST_Instance_963" />
        <annotator id="eHOST_2010">Jona</annotator>
        <span start="4323" end="4326" />
        <spannedText>n’t</spannedText>
        <creationDate>Thu Jan 07 20:21:51 CET 2021</creationDate>
    </annotation>
    <classMention id="EHOST_Instance_963">
        <mentionClass id="NegCue">n’t</mentionClass>
    </classMention>
    <annotation>
        <mention id="EHOST_Instance_964" />
        <annotator id="eHOST_2010">Jona</annotator>
        <span start="4872" end="4875" />
        <spannedText>not</spannedText>
        <creationDate>Thu Jan 07 20:22:09 CET 2021</creationDate>
    </annotation>
    <classMention id="EHOST_Instance_964">
        <mentionClass id="NegCue">not</mentionClass>
    </classMention>
    <annotation>
        <mention id="EHOST_Instance_965" />
        <annotator id="eHOST_2010">Jona</annotator>
        <span start="4984" end="4987" />
        <spannedText>not</spannedText>
        <creationDate>Thu Jan 07 20:22:13 CET 2021</creationDate>
    </annotation>
    <classMention id="EHOST_Instance_965">
        <mentionClass id="NegCue">not</mentionClass>
    </classMention>
    <annotation>
        <mention id="EHOST_Instance_966" />
        <annotator id="eHOST_2010">Jona</annotator>
        <span start="5143" end="5146" />
        <spannedText>n’t</spannedText>
        <creationDate>Thu Jan 07 20:22:25 CET 2021</creationDate>
    </annotation>
    <classMention id="EHOST_Instance_966">
        <mentionClass id="NegCue">n’t</mentionClass>
    </classMention>
    <annotation>
        <mention id="EHOST_Instance_967" />
        <annotator id="eHOST_2010">Jona</annotator>
        <span start="5623" end="5626" />
        <spannedText>n’t</spannedText>
        <creationDate>Thu Jan 07 20:22:53 CET 2021</creationDate>
    </annotation>
    <classMention id="EHOST_Instance_967">
        <mentionClass id="NegCue">n’t</mentionClass>
    </classMention>
    <annotation>
        <mention id="EHOST_Instance_968" />
        <annotator id="eHOST_2010">Jona</annotator>
        <span start="6427" end="6430" />
        <spannedText>n’t</spannedText>
        <creationDate>Thu Jan 07 20:23:17 CET 2021</creationDate>
    </annotation>
    <classMention id="EHOST_Instance_968">
        <mentionClass id="NegCue">n’t</mentionClass>
    </classMention>
    <annotation>
        <mention id="EHOST_Instance_969" />
        <annotator id="eHOST_2010">Jona</annotator>
        <span start="6719" end="6722" />
        <spannedText>not</spannedText>
        <creationDate>Thu Jan 07 20:23:34 CET 2021</creationDate>
    </annotation>
    <classMention id="EHOST_Instance_969">
        <mentionClass id="NegCue">not</mentionClass>
    </classMention>
    <annotation>
        <mention id="EHOST_Instance_970" />
        <annotator id="eHOST_2010">Jona</annotator>
        <span start="7058" end="7060" />
        <spannedText>un</spannedText>
        <creationDate>Thu Jan 07 20:23:48 CET 2021</creationDate>
    </annotation>
    <classMention id="EHOST_Instance_970">
        <mentionClass id="NegCue">un</mentionClass>
    </classMention>
    <annotation>
        <mention id="EHOST_Instance_971" />
        <annotator id="eHOST_2010">Jona</annotator>
        <span start="7079" end="7082" />
        <spannedText>not</spannedText>
        <creationDate>Thu Jan 07 20:23:52 CET 2021</creationDate>
    </annotation>
    <classMention id="EHOST_Instance_971">
        <mentionClass id="NegCue">not</mentionClass>
    </classMention>
    <annotation>
        <mention id="EHOST_Instance_972" />
        <annotator id="eHOST_2010">Jona</annotator>
        <span start="7128" end="7131" />
        <spannedText>not</spannedText>
        <creationDate>Thu Jan 07 20:23:54 CET 2021</creationDate>
    </annotation>
    <classMention id="EHOST_Instance_972">
        <mentionClass id="NegCue">not</mentionClass>
    </classMention>
    <annotation>
        <mention id="EHOST_Instance_973" />
        <annotator id="eHOST_2010">Jona</annotator>
        <span start="7223" end="7225" />
        <spannedText>un</spannedText>
        <creationDate>Thu Jan 07 20:24:02 CET 2021</creationDate>
    </annotation>
    <classMention id="EHOST_Instance_973">
        <mentionClass id="NegCue">un</mentionClass>
    </classMention>
    <annotation>
        <mention id="EHOST_Instance_974" />
        <annotator id="eHOST_2010">Jona</annotator>
        <span start="7767" end="7769" />
        <spannedText>un</spannedText>
        <creationDate>Thu Jan 07 20:24:21 CET 2021</creationDate>
    </annotation>
    <classMention id="EHOST_Instance_974">
        <mentionClass id="NegCue">un</mentionClass>
    </classMention>
    <annotation>
        <mention id="EHOST_Instance_975" />
        <annotator id="eHOST_2010">Jona</annotator>
        <span start="7819" end="7822" />
        <spannedText>non</spannedText>
        <creationDate>Thu Jan 07 20:24:44 CET 2021</creationDate>
    </annotation>
    <classMention id="EHOST_Instance_975">
        <mentionClass id="NegCue">non</mentionClass>
    </classMention>
    <annotation>
        <mention id="EHOST_Instance_976" />
        <annotator id="eHOST_2010">Jona</annotator>
        <span start="8263" end="8266" />
        <spannedText>n't</spannedText>
        <creationDate>Thu Jan 07 20:25:01 CET 2021</creationDate>
    </annotation>
    <classMention id="EHOST_Instance_976">
        <mentionClass id="NegCue">n't</mentionClass>
    </classMention>
    <annotation>
        <mention id="EHOST_Instance_977" />
        <annotator id="eHOST_2010">Jona</annotator>
        <span start="9715" end="9718" />
        <spannedText>not</spannedText>
        <creationDate>Thu Jan 07 20:25:25 CET 2021</creationDate>
    </annotation>
    <classMention id="EHOST_Instance_977">
        <mentionClass id="NegCue">not</mentionClass>
    </classMention>
    <annotation>
        <mention id="EHOST_Instance_978" />
        <annotator id="eHOST_2010">Jona</annotator>
        <span start="10063" end="10066" />
        <spannedText>not</spannedText>
        <creationDate>Thu Jan 07 20:25:33 CET 2021</creationDate>
    </annotation>
    <classMention id="EHOST_Instance_978">
        <mentionClass id="NegCue">not</mentionClass>
    </classMention>
    <annotation>
        <mention id="EHOST_Instance_979" />
        <annotator id="eHOST_2010">Eva</annotator>
        <span start="2937" end="2938" />
        <spannedText>t</spannedText>
        <creationDate>Tue Jan 05 19:02:02 CET 2021</creationDate>
    </annotation>
    <classMention id="EHOST_Instance_979">
        <mentionClass id="NegCue">t</mentionClass>
    </classMention>
    <annotation>
        <mention id="EHOST_Instance_980" />
        <annotator id="eHOST_2010">Eva</annotator>
        <span start="2936" end="2937" />
        <spannedText>’</spannedText>
        <creationDate>Tue Jan 05 19:02:10 CET 2021</creationDate>
    </annotation>
    <classMention id="EHOST_Instance_980">
        <mentionClass id="NegCue">’</mentionClass>
    </classMention>
    <annotation>
        <mention id="EHOST_Instance_981" />
        <annotator id="eHOST_2010">Eva</annotator>
        <span start="2935" end="2937" />
        <spannedText>n’</spannedText>
        <creationDate>Tue Jan 05 19:02:26 CET 2021</creationDate>
    </annotation>
    <classMention id="EHOST_Instance_981">
        <mentionClass id="NegCue">n’</mentionClass>
    </classMention>
    <annotation>
        <mention id="EHOST_Instance_982" />
        <annotator id="eHOST_2010">Eva</annotator>
        <span start="3277" end="3280" />
        <spannedText>not</spannedText>
        <creationDate>Tue Jan 05 19:02:38 CET 2021</creationDate>
    </annotation>
    <classMention id="EHOST_Instance_982">
        <mentionClass id="NegCue">not</mentionClass>
    </classMention>
    <annotation>
        <mention id="EHOST_Instance_983" />
        <annotator id="eHOST_2010">Eva</annotator>
        <span start="3422" end="3425" />
        <spannedText>not</spannedText>
        <creationDate>Tue Jan 05 19:02:44 CET 2021</creationDate>
    </annotation>
    <classMention id="EHOST_Instance_983">
        <mentionClass id="NegCue">not</mentionClass>
    </classMention>
    <annotation>
        <mention id="EHOST_Instance_984" />
        <annotator id="eHOST_2010">Eva</annotator>
        <span start="3487" end="3490" />
        <spannedText>not</spannedText>
        <creationDate>Tue Jan 05 19:02:48 CET 2021</creationDate>
    </annotation>
    <classMention id="EHOST_Instance_984">
        <mentionClass id="NegCue">not</mentionClass>
    </classMention>
    <annotation>
        <mention id="EHOST_Instance_985" />
        <annotator id="eHOST_2010">Eva</annotator>
        <span start="3505" end="3512" />
        <spannedText>neither</spannedText>
        <creationDate>Tue Jan 05 19:02:49 CET 2021</creationDate>
    </annotation>
    <classMention id="EHOST_Instance_985">
        <mentionClass id="NegCue">neither</mentionClass>
    </classMention>
    <annotation>
        <mention id="EHOST_Instance_986" />
        <annotator id="eHOST_2010">Eva</annotator>
        <span start="3929" end="3930" />
        <spannedText>t</spannedText>
        <creationDate>Tue Jan 05 19:03:04 CET 2021</creationDate>
    </annotation>
    <classMention id="EHOST_Instance_986">
        <mentionClass id="NegCue">t</mentionClass>
    </classMention>
    <annotation>
        <mention id="EHOST_Instance_987" />
        <annotator id="eHOST_2010">Eva</annotator>
        <span start="3928" end="3929" />
        <spannedText>’</spannedText>
        <creationDate>Tue Jan 05 19:03:05 CET 2021</creationDate>
    </annotation>
    <classMention id="EHOST_Instance_987">
        <mentionClass id="NegCue">’</mentionClass>
    </classMention>
    <annotation>
        <mention id="EHOST_Instance_988" />
        <annotator id="eHOST_2010">Eva</annotator>
        <span start="3972" end="3973" />
        <spannedText>t</spannedText>
        <creationDate>Tue Jan 05 19:03:11 CET 2021</creationDate>
    </annotation>
    <classMention id="EHOST_Instance_988">
        <mentionClass id="NegCue">t</mentionClass>
    </classMention>
    <annotation>
        <mention id="EHOST_Instance_989" />
        <annotator id="eHOST_2010">Eva</annotator>
        <span start="4325" end="4326" />
        <spannedText>t</spannedText>
        <creationDate>Tue Jan 05 19:03:23 CET 2021</creationDate>
    </annotation>
    <classMention id="EHOST_Instance_989">
        <mentionClass id="NegCue">t</mentionClass>
    </classMention>
    <annotation>
        <mention id="EHOST_Instance_990" />
        <annotator id="eHOST_2010">Eva</annotator>
        <span start="4872" end="4875" />
        <spannedText>not</spannedText>
        <creationDate>Tue Jan 05 19:03:40 CET 2021</creationDate>
    </annotation>
    <classMention id="EHOST_Instance_990">
        <mentionClass id="NegCue">not</mentionClass>
    </classMention>
    <annotation>
        <mention id="EHOST_Instance_991" />
        <annotator id="eHOST_2010">Eva</annotator>
        <span start="4984" end="4987" />
        <spannedText>not</spannedText>
        <creationDate>Tue Jan 05 19:03:44 CET 2021</creationDate>
    </annotation>
    <classMention id="EHOST_Instance_991">
        <mentionClass id="NegCue">not</mentionClass>
    </classMention>
    <annotation>
        <mention id="EHOST_Instance_992" />
        <annotator id="eHOST_2010">Eva</annotator>
        <span start="5145" end="5146" />
        <spannedText>t</spannedText>
        <creationDate>Tue Jan 05 19:03:50 CET 2021</creationDate>
    </annotation>
    <classMention id="EHOST_Instance_992">
        <mentionClass id="NegCue">t</mentionClass>
    </classMention>
    <annotation>
        <mention id="EHOST_Instance_993" />
        <annotator id="eHOST_2010">Eva</annotator>
        <span start="5625" end="5626" />
        <spannedText>t</spannedText>
        <creationDate>Tue Jan 05 19:05:08 CET 2021</creationDate>
    </annotation>
    <classMention id="EHOST_Instance_993">
        <mentionClass id="NegCue">t</mentionClass>
    </classMention>
    <annotation>
        <mention id="EHOST_Instance_994" />
        <annotator id="eHOST_2010">Eva</annotator>
        <span start="5750" end="5751" />
        <spannedText>t</spannedText>
        <creationDate>Tue Jan 05 19:05:58 CET 2021</creationDate>
    </annotation>
    <classMention id="EHOST_Instance_994">
        <mentionClass id="NegCue">t</mentionClass>
    </classMention>
    <annotation>
        <mention id="EHOST_Instance_995" />
        <annotator id="eHOST_2010">Eva</annotator>
        <span start="6429" end="6430" />
        <spannedText>t</spannedText>
        <creationDate>Tue Jan 05 19:06:21 CET 2021</creationDate>
    </annotation>
    <classMention id="EHOST_Instance_995">
        <mentionClass id="NegCue">t</mentionClass>
    </classMention>
    <annotation>
        <mention id="EHOST_Instance_996" />
        <annotator id="eHOST_2010">Eva</annotator>
        <span start="7079" end="7082" />
        <spannedText>not</spannedText>
        <creationDate>Tue Jan 05 19:07:16 CET 2021</creationDate>
    </annotation>
    <classMention id="EHOST_Instance_996">
        <mentionClass id="NegCue">not</mentionClass>
    </classMention>
    <annotation>
        <mention id="EHOST_Instance_997" />
        <annotator id="eHOST_2010">Eva</annotator>
        <span start="7128" end="7131" />
        <spannedText>not</spannedText>
        <creationDate>Tue Jan 05 19:07:19 CET 2021</creationDate>
    </annotation>
    <classMention id="EHOST_Instance_997">
        <mentionClass id="NegCue">not</mentionClass>
    </classMention>
    <annotation>
        <mention id="EHOST_Instance_998" />
        <annotator id="eHOST_2010">Eva</annotator>
        <span start="7223" end="7225" />
        <spannedText>un</spannedText>
        <creationDate>Tue Jan 05 19:07:35 CET 2021</creationDate>
    </annotation>
    <classMention id="EHOST_Instance_998">
        <mentionClass id="NegCue">un</mentionClass>
    </classMention>
    <annotation>
        <mention id="EHOST_Instance_999" />
        <annotator id="eHOST_2010">Eva</annotator>
        <span start="8263" end="8266" />
        <spannedText>n't</spannedText>
        <creationDate>Tue Jan 05 19:08:51 CET 2021</creationDate>
    </annotation>
    <classMention id="EHOST_Instance_999">
        <mentionClass id="NegCue">n't</mentionClass>
    </classMention>
    <annotation>
        <mention id="EHOST_Instance_1000" />
        <annotator id="eHOST_2010">Eva</annotator>
        <span start="9715" end="9718" />
        <spannedText>not</spannedText>
        <creationDate>Tue Jan 05 19:09:06 CET 2021</creationDate>
    </annotation>
    <classMention id="EHOST_Instance_1000">
        <mentionClass id="NegCue">not</mentionClass>
    </classMention>
    <annotation>
        <mention id="EHOST_Instance_1001" />
        <annotator id="eHOST_2010">Eva</annotator>
        <span start="10063" end="10066" />
        <spannedText>not</spannedText>
        <creationDate>Tue Jan 05 19:09:14 CET 2021</creationDate>
    </annotation>
    <classMention id="EHOST_Instance_1001">
        <mentionClass id="NegCue">not</mentionClass>
    </classMention>
    <annotation>
        <mention id="EHOST_Instance_1002" />
        <annotator id="eHOST_2010">Eva</annotator>
        <span start="2617" end="2618" />
        <spannedText>t</spannedText>
        <creationDate>Tue Jan 05 19:09:50 CET 2021</creationDate>
    </annotation>
    <classMention id="EHOST_Instance_1002">
        <mentionClass id="NegCue">t</mentionClass>
    </classMention>
    <annotation>
        <mention id="EHOST_Instance_1003" />
        <annotator id="eHOST_2010">Eva</annotator>
        <span start="2660" end="2662" />
        <spannedText>im</spannedText>
        <creationDate>Tue Jan 05 20:22:49 CET 2021</creationDate>
    </annotation>
    <classMention id="EHOST_Instance_1003">
        <mentionClass id="NegCue">im</mentionClass>
    </classMention>
    <annotation>
        <mention id="EHOST_Instance_1004" />
        <annotator id="eHOST_2010">Eva</annotator>
        <span start="3665" end="3670" />
        <spannedText>Never</spannedText>
        <creationDate>Tue Jan 05 20:23:04 CET 2021</creationDate>
    </annotation>
    <classMention id="EHOST_Instance_1004">
        <mentionClass id="NegCue">Never</mentionClass>
    </classMention>
    <annotation>
        <mention id="EHOST_Instance_1005" />
        <annotator id="eHOST_2010">Eva</annotator>
        <span start="818" end="821" />
        <spannedText>n't</spannedText>
        <creationDate>Wed Jan 06 10:49:17 CET 2021</creationDate>
    </annotation>
    <classMention id="EHOST_Instance_1005">
        <mentionClass id="NegCue">n't</mentionClass>
    </classMention>
    <annotation>
        <mention id="EHOST_Instance_1006" />
        <annotator id="eHOST_2010">Eva</annotator>
        <span start="6719" end="6722" />
        <spannedText>not</spannedText>
        <creationDate>Wed Jan 06 12:33:21 CET 2021</creationDate>
    </annotation>
    <classMention id="EHOST_Instance_1006">
        <mentionClass id="NegCue">not</mentionClass>
    </classMention>
    <annotation>
        <mention id="EHOST_Instance_1007" />
        <annotator id="eHOST_2010">Eva</annotator>
        <span start="7819" end="7822" />
        <spannedText>non</spannedText>
        <creationDate>Wed Jan 06 12:33:49 CET 2021</creationDate>
    </annotation>
    <classMention id="EHOST_Instance_1007">
        <mentionClass id="NegCue">non</mentionClass>
    </classMention>
    <annotation>
        <mention id="EHOST_Instance_1008" />
        <annotator id="eHOST_2010">Eva</annotator>
        <span start="4107" end="4109" />
        <spannedText>un</spannedText>
        <creationDate>Wed Jan 06 12:34:16 CET 2021</creationDate>
    </annotation>
    <classMention id="EHOST_Instance_1008">
        <mentionClass id="NegCue">un</mentionClass>
    </classMention>
    <annotation>
        <mention id="EHOST_Instance_1009" />
        <annotator id="eHOST_2010">Eva</annotator>
        <span start="7767" end="7769" />
        <spannedText>un</spannedText>
        <creationDate>Wed Jan 06 12:34:39 CET 2021</creationDate>
    </annotation>
    <classMention id="EHOST_Instance_1009">
        <mentionClass id="NegCue">un</mentionClass>
    </classMention>
    <annotation>
        <mention id="EHOST_Instance_1010" />
        <annotator id="eHOST_2010">Eva</annotator>
        <span start="7058" end="7060" />
        <spannedText>un</spannedText>
        <creationDate>Wed Jan 06 12:35:00 CET 2021</creationDate>
    </annotation>
    <classMention id="EHOST_Instance_1010">
        <mentionClass id="NegCue">un</mentionClass>
    </classMention>
    <annotation>
        <mention id="EHOST_Instance_1011" />
        <annotator id="eHOST_2010">Eva</annotator>
        <span start="8186" end="8190" />
        <spannedText>less</spannedText>
        <creationDate>Wed Jan 06 12:47:20 CET 2021</creationDate>
    </annotation>
    <classMention id="EHOST_Instance_1011">
        <mentionClass id="NegCue">less</mentionClass>
    </classMention>
    <annotation>
        <mention id="EHOST_Instance_1012" />
        <annotator id="eHOST_2010">Eva</annotator>
        <span start="2616" end="2617" />
        <spannedText>’</spannedText>
        <creationDate>Thu Jan 07 16:02:40 CET 2021</creationDate>
    </annotation>
    <classMention id="EHOST_Instance_1012">
        <mentionClass id="NegCue">’</mentionClass>
    </classMention>
    <annotation>
        <mention id="EHOST_Instance_1013" />
        <annotator id="eHOST_2010">Eva</annotator>
        <span start="2615" end="2616" />
        <spannedText>n</spannedText>
        <creationDate>Thu Jan 07 16:02:49 CET 2021</creationDate>
    </annotation>
    <classMention id="EHOST_Instance_1013">
        <mentionClass id="NegCue">n</mentionClass>
    </classMention>
    <annotation>
        <mention id="EHOST_Instance_1014" />
        <annotator id="eHOST_2010">Eva</annotator>
        <span start="3927" end="3928" />
        <spannedText>n</spannedText>
        <creationDate>Thu Jan 07 16:03:12 CET 2021</creationDate>
    </annotation>
    <classMention id="EHOST_Instance_1014">
        <mentionClass id="NegCue">n</mentionClass>
    </classMention>
    <annotation>
        <mention id="EHOST_Instance_1015" />
        <annotator id="eHOST_2010">Eva</annotator>
        <span start="3970" end="3971" />
        <spannedText>n</spannedText>
        <creationDate>Thu Jan 07 16:03:21 CET 2021</creationDate>
    </annotation>
    <classMention id="EHOST_Instance_1015">
        <mentionClass id="NegCue">n</mentionClass>
    </classMention>
    <annotation>
        <mention id="EHOST_Instance_1016" />
        <annotator id="eHOST_2010">Eva</annotator>
        <span start="3971" end="3972" />
        <spannedText>’</spannedText>
        <creationDate>Thu Jan 07 16:03:26 CET 2021</creationDate>
    </annotation>
    <classMention id="EHOST_Instance_1016">
        <mentionClass id="NegCue">’</mentionClass>
    </classMention>
    <annotation>
        <mention id="EHOST_Instance_1017" />
        <annotator id="eHOST_2010">Eva</annotator>
        <span start="5144" end="5145" />
        <spannedText>’</spannedText>
        <creationDate>Thu Jan 07 16:03:29 CET 2021</creationDate>
    </annotation>
    <classMention id="EHOST_Instance_1017">
        <mentionClass id="NegCue">’</mentionClass>
    </classMention>
    <annotation>
        <mention id="EHOST_Instance_1018" />
        <annotator id="eHOST_2010">Eva</annotator>
        <span start="4324" end="4325" />
        <spannedText>’</spannedText>
        <creationDate>Thu Jan 07 16:03:33 CET 2021</creationDate>
    </annotation>
    <classMention id="EHOST_Instance_1018">
        <mentionClass id="NegCue">’</mentionClass>
    </classMention>
    <annotation>
        <mention id="EHOST_Instance_1019" />
        <annotator id="eHOST_2010">Eva</annotator>
        <span start="4323" end="4324" />
        <spannedText>n</spannedText>
        <creationDate>Thu Jan 07 16:03:42 CET 2021</creationDate>
    </annotation>
    <classMention id="EHOST_Instance_1019">
        <mentionClass id="NegCue">n</mentionClass>
    </classMention>
    <annotation>
        <mention id="EHOST_Instance_1020" />
        <annotator id="eHOST_2010">Eva</annotator>
        <span start="5143" end="5144" />
        <spannedText>n</spannedText>
        <creationDate>Thu Jan 07 16:03:53 CET 2021</creationDate>
    </annotation>
    <classMention id="EHOST_Instance_1020">
        <mentionClass id="NegCue">n</mentionClass>
    </classMention>
    <annotation>
        <mention id="EHOST_Instance_1021" />
        <annotator id="eHOST_2010">Eva</annotator>
        <span start="5623" end="5624" />
        <spannedText>n</spannedText>
        <creationDate>Thu Jan 07 16:04:13 CET 2021</creationDate>
    </annotation>
    <classMention id="EHOST_Instance_1021">
        <mentionClass id="NegCue">n</mentionClass>
    </classMention>
    <annotation>
        <mention id="EHOST_Instance_1022" />
        <annotator id="eHOST_2010">Eva</annotator>
        <span start="5748" end="5749" />
        <spannedText>n</spannedText>
        <creationDate>Thu Jan 07 16:04:28 CET 2021</creationDate>
    </annotation>
    <classMention id="EHOST_Instance_1022">
        <mentionClass id="NegCue">n</mentionClass>
    </classMention>
    <annotation>
        <mention id="EHOST_Instance_1023" />
        <annotator id="eHOST_2010">Eva</annotator>
        <span start="5624" end="5625" />
        <spannedText>’</spannedText>
        <creationDate>Thu Jan 07 16:04:18 CET 2021</creationDate>
    </annotation>
    <classMention id="EHOST_Instance_1023">
        <mentionClass id="NegCue">’</mentionClass>
    </classMention>
    <annotation>
        <mention id="EHOST_Instance_1024" />
        <annotator id="eHOST_2010">Eva</annotator>
        <span start="5749" end="5750" />
        <spannedText>’</spannedText>
        <creationDate>Thu Jan 07 16:04:20 CET 2021</creationDate>
    </annotation>
    <classMention id="EHOST_Instance_1024">
        <mentionClass id="NegCue">’</mentionClass>
    </classMention>
    <annotation>
        <mention id="EHOST_Instance_1025" />
        <annotator id="eHOST_2010">Eva</annotator>
        <span start="6428" end="6429" />
        <spannedText>’</spannedText>
        <creationDate>Thu Jan 07 16:04:43 CET 2021</creationDate>
    </annotation>
    <classMention id="EHOST_Instance_1025">
        <mentionClass id="NegCue">’</mentionClass>
    </classMention>
    <annotation>
        <mention id="EHOST_Instance_1026" />
        <annotator id="eHOST_2010">Eva</annotator>
        <span start="6427" end="6428" />
        <spannedText>n</spannedText>
        <creationDate>Thu Jan 07 16:04:48 CET 2021</creationDate>
    </annotation>
    <classMention id="EHOST_Instance_1026">
        <mentionClass id="NegCue">n</mentionClass>
    </classMention>
    <adjudicating>
        <mention id="EHOST_Instance_1027" />
        <annotator id="eHOST_2010">Jona</annotator>
        <span start="2615" end="2618" />
        <spannedText>n’t</spannedText>
        <creationDate>Thu Jan 07 20:19:45 CET 2021</creationDate>
        <processed>true</processed>
        <AdjudicationStatus>NON_MATCHES</AdjudicationStatus>
    </adjudicating>
    <classMention id="EHOST_Instance_1027">
        <mentionClass id="NegCue">n’t</mentionClass>
    </classMention>
    <adjudicating>
        <mention id="EHOST_Instance_1028" />
        <annotator id="eHOST_2010">Jona</annotator>
        <span start="2660" end="2662" />
        <spannedText>im</spannedText>
        <creationDate>Thu Jan 07 20:20:08 CET 2021</creationDate>
        <processed>true</processed>
        <AdjudicationStatus>MATCHES_OK</AdjudicationStatus>
    </adjudicating>
    <classMention id="EHOST_Instance_1028">
        <mentionClass id="NegCue">im</mentionClass>
    </classMention>
    <adjudicating>
        <mention id="EHOST_Instance_1029" />
        <annotator id="eHOST_2010">Jona</annotator>
        <span start="2935" end="2938" />
        <spannedText>n’t</spannedText>
        <creationDate>Thu Jan 07 20:20:27 CET 2021</creationDate>
        <processed>true</processed>
        <AdjudicationStatus>NON_MATCHES</AdjudicationStatus>
    </adjudicating>
    <classMention id="EHOST_Instance_1029">
        <mentionClass id="NegCue">n’t</mentionClass>
    </classMention>
    <adjudicating>
        <mention id="EHOST_Instance_1030" />
        <annotator id="eHOST_2010">Jona</annotator>
        <span start="3193" end="3195" />
        <spannedText>un</spannedText>
        <creationDate>Thu Jan 07 20:20:40 CET 2021</creationDate>
        <processed>true</processed>
        <AdjudicationStatus>NON_MATCHES</AdjudicationStatus>
    </adjudicating>
    <classMention id="EHOST_Instance_1030">
        <mentionClass id="NegCue">un</mentionClass>
    </classMention>
    <adjudicating>
        <mention id="EHOST_Instance_1031" />
        <annotator id="eHOST_2010">Jona</annotator>
        <span start="3277" end="3280" />
        <spannedText>not</spannedText>
        <creationDate>Thu Jan 07 20:20:46 CET 2021</creationDate>
        <processed>true</processed>
        <AdjudicationStatus>MATCHES_OK</AdjudicationStatus>
    </adjudicating>
    <classMention id="EHOST_Instance_1031">
        <mentionClass id="NegCue">not</mentionClass>
    </classMention>
    <adjudicating>
        <mention id="EHOST_Instance_1032" />
        <annotator id="eHOST_2010">Jona</annotator>
        <span start="3422" end="3425" />
        <spannedText>not</spannedText>
        <creationDate>Thu Jan 07 20:20:51 CET 2021</creationDate>
        <processed>true</processed>
        <AdjudicationStatus>MATCHES_OK</AdjudicationStatus>
    </adjudicating>
    <classMention id="EHOST_Instance_1032">
        <mentionClass id="NegCue">not</mentionClass>
    </classMention>
    <adjudicating>
        <mention id="EHOST_Instance_1033" />
        <annotator id="eHOST_2010">Jona</annotator>
        <span start="3487" end="3490" />
        <spannedText>not</spannedText>
        <creationDate>Thu Jan 07 20:20:54 CET 2021</creationDate>
        <processed>true</processed>
        <AdjudicationStatus>MATCHES_OK</AdjudicationStatus>
    </adjudicating>
    <classMention id="EHOST_Instance_1033">
        <mentionClass id="NegCue">not</mentionClass>
    </classMention>
    <adjudicating>
        <mention id="EHOST_Instance_1034" />
        <annotator id="eHOST_2010">Jona</annotator>
        <span start="3505" end="3512" />
        <spannedText>neither</spannedText>
        <creationDate>Thu Jan 07 20:20:57 CET 2021</creationDate>
        <processed>true</processed>
        <AdjudicationStatus>MATCHES_OK</AdjudicationStatus>
    </adjudicating>
    <classMention id="EHOST_Instance_1034">
        <mentionClass id="NegCue">neither</mentionClass>
    </classMention>
    <adjudicating>
        <mention id="EHOST_Instance_1035" />
        <annotator id="eHOST_2010">Jona</annotator>
        <span start="3665" end="3670" />
        <spannedText>Never</spannedText>
        <creationDate>Thu Jan 07 20:21:02 CET 2021</creationDate>
        <processed>true</processed>
        <AdjudicationStatus>MATCHES_OK</AdjudicationStatus>
    </adjudicating>
    <classMention id="EHOST_Instance_1035">
        <mentionClass id="NegCue">Never</mentionClass>
    </classMention>
    <adjudicating>
        <mention id="EHOST_Instance_1036" />
        <annotator id="eHOST_2010">Jona</annotator>
        <span start="3927" end="3930" />
        <spannedText>n’t</spannedText>
        <creationDate>Thu Jan 07 20:21:22 CET 2021</creationDate>
        <processed>true</processed>
        <AdjudicationStatus>NON_MATCHES</AdjudicationStatus>
    </adjudicating>
    <classMention id="EHOST_Instance_1036">
        <mentionClass id="NegCue">n’t</mentionClass>
    </classMention>
    <adjudicating>
        <mention id="EHOST_Instance_1037" />
        <annotator id="eHOST_2010">Jona</annotator>
        <span start="3970" end="3973" />
        <spannedText>n’t</spannedText>
        <creationDate>Thu Jan 07 20:21:31 CET 2021</creationDate>
        <processed>true</processed>
        <AdjudicationStatus>NON_MATCHES</AdjudicationStatus>
    </adjudicating>
    <classMention id="EHOST_Instance_1037">
        <mentionClass id="NegCue">n’t</mentionClass>
    </classMention>
    <adjudicating>
        <mention id="EHOST_Instance_1038" />
        <annotator id="eHOST_2010">Jona</annotator>
        <span start="4107" end="4109" />
        <spannedText>un</spannedText>
        <creationDate>Thu Jan 07 20:21:43 CET 2021</creationDate>
        <processed>true</processed>
        <AdjudicationStatus>MATCHES_OK</AdjudicationStatus>
    </adjudicating>
    <classMention id="EHOST_Instance_1038">
        <mentionClass id="NegCue">un</mentionClass>
    </classMention>
    <adjudicating>
        <mention id="EHOST_Instance_1039" />
        <annotator id="eHOST_2010">Jona</annotator>
        <span start="4323" end="4326" />
        <spannedText>n’t</spannedText>
        <creationDate>Thu Jan 07 20:21:51 CET 2021</creationDate>
        <processed>true</processed>
        <AdjudicationStatus>NON_MATCHES</AdjudicationStatus>
    </adjudicating>
    <classMention id="EHOST_Instance_1039">
        <mentionClass id="NegCue">n’t</mentionClass>
    </classMention>
    <adjudicating>
        <mention id="EHOST_Instance_1040" />
        <annotator id="eHOST_2010">Jona</annotator>
        <span start="4872" end="4875" />
        <spannedText>not</spannedText>
        <creationDate>Thu Jan 07 20:22:09 CET 2021</creationDate>
        <processed>true</processed>
        <AdjudicationStatus>MATCHES_OK</AdjudicationStatus>
    </adjudicating>
    <classMention id="EHOST_Instance_1040">
        <mentionClass id="NegCue">not</mentionClass>
    </classMention>
    <adjudicating>
        <mention id="EHOST_Instance_1041" />
        <annotator id="eHOST_2010">Jona</annotator>
        <span start="4984" end="4987" />
        <spannedText>not</spannedText>
        <creationDate>Thu Jan 07 20:22:13 CET 2021</creationDate>
        <processed>true</processed>
        <AdjudicationStatus>MATCHES_OK</AdjudicationStatus>
    </adjudicating>
    <classMention id="EHOST_Instance_1041">
        <mentionClass id="NegCue">not</mentionClass>
    </classMention>
    <adjudicating>
        <mention id="EHOST_Instance_1042" />
        <annotator id="eHOST_2010">Jona</annotator>
        <span start="5143" end="5146" />
        <spannedText>n’t</spannedText>
        <creationDate>Thu Jan 07 20:22:25 CET 2021</creationDate>
        <processed>true</processed>
        <AdjudicationStatus>NON_MATCHES</AdjudicationStatus>
    </adjudicating>
    <classMention id="EHOST_Instance_1042">
        <mentionClass id="NegCue">n’t</mentionClass>
    </classMention>
    <adjudicating>
        <mention id="EHOST_Instance_1043" />
        <annotator id="eHOST_2010">Jona</annotator>
        <span start="5623" end="5626" />
        <spannedText>n’t</spannedText>
        <creationDate>Thu Jan 07 20:22:53 CET 2021</creationDate>
        <processed>true</processed>
        <AdjudicationStatus>NON_MATCHES</AdjudicationStatus>
    </adjudicating>
    <classMention id="EHOST_Instance_1043">
        <mentionClass id="NegCue">n’t</mentionClass>
    </classMention>
    <adjudicating>
        <mention id="EHOST_Instance_1044" />
        <annotator id="eHOST_2010">Jona</annotator>
        <span start="6427" end="6430" />
        <spannedText>n’t</spannedText>
        <creationDate>Thu Jan 07 20:23:17 CET 2021</creationDate>
        <processed>true</processed>
        <AdjudicationStatus>NON_MATCHES</AdjudicationStatus>
    </adjudicating>
    <classMention id="EHOST_Instance_1044">
        <mentionClass id="NegCue">n’t</mentionClass>
    </classMention>
    <adjudicating>
        <mention id="EHOST_Instance_1045" />
        <annotator id="eHOST_2010">Jona</annotator>
        <span start="6719" end="6722" />
        <spannedText>not</spannedText>
        <creationDate>Thu Jan 07 20:23:34 CET 2021</creationDate>
        <processed>true</processed>
        <AdjudicationStatus>MATCHES_OK</AdjudicationStatus>
    </adjudicating>
    <classMention id="EHOST_Instance_1045">
        <mentionClass id="NegCue">not</mentionClass>
    </classMention>
    <adjudicating>
        <mention id="EHOST_Instance_1046" />
        <annotator id="eHOST_2010">Jona</annotator>
        <span start="7058" end="7060" />
        <spannedText>un</spannedText>
        <creationDate>Thu Jan 07 20:23:48 CET 2021</creationDate>
        <processed>true</processed>
        <AdjudicationStatus>MATCHES_OK</AdjudicationStatus>
    </adjudicating>
    <classMention id="EHOST_Instance_1046">
        <mentionClass id="NegCue">un</mentionClass>
    </classMention>
    <adjudicating>
        <mention id="EHOST_Instance_1047" />
        <annotator id="eHOST_2010">Jona</annotator>
        <span start="7079" end="7082" />
        <spannedText>not</spannedText>
        <creationDate>Thu Jan 07 20:23:52 CET 2021</creationDate>
        <processed>true</processed>
        <AdjudicationStatus>MATCHES_OK</AdjudicationStatus>
    </adjudicating>
    <classMention id="EHOST_Instance_1047">
        <mentionClass id="NegCue">not</mentionClass>
    </classMention>
    <adjudicating>
        <mention id="EHOST_Instance_1048" />
        <annotator id="eHOST_2010">Jona</annotator>
        <span start="7128" end="7131" />
        <spannedText>not</spannedText>
        <creationDate>Thu Jan 07 20:23:54 CET 2021</creationDate>
        <processed>true</processed>
        <AdjudicationStatus>MATCHES_OK</AdjudicationStatus>
    </adjudicating>
    <classMention id="EHOST_Instance_1048">
        <mentionClass id="NegCue">not</mentionClass>
    </classMention>
    <adjudicating>
        <mention id="EHOST_Instance_1049" />
        <annotator id="eHOST_2010">Jona</annotator>
        <span start="7223" end="7225" />
        <spannedText>un</spannedText>
        <creationDate>Thu Jan 07 20:24:02 CET 2021</creationDate>
        <processed>true</processed>
        <AdjudicationStatus>MATCHES_OK</AdjudicationStatus>
    </adjudicating>
    <classMention id="EHOST_Instance_1049">
        <mentionClass id="NegCue">un</mentionClass>
    </classMention>
    <adjudicating>
        <mention id="EHOST_Instance_1050" />
        <annotator id="eHOST_2010">Jona</annotator>
        <span start="7767" end="7769" />
        <spannedText>un</spannedText>
        <creationDate>Thu Jan 07 20:24:21 CET 2021</creationDate>
        <processed>true</processed>
        <AdjudicationStatus>MATCHES_OK</AdjudicationStatus>
    </adjudicating>
    <classMention id="EHOST_Instance_1050">
        <mentionClass id="NegCue">un</mentionClass>
    </classMention>
    <adjudicating>
        <mention id="EHOST_Instance_1051" />
        <annotator id="eHOST_2010">Jona</annotator>
        <span start="7819" end="7822" />
        <spannedText>non</spannedText>
        <creationDate>Thu Jan 07 20:24:44 CET 2021</creationDate>
        <processed>true</processed>
        <AdjudicationStatus>MATCHES_OK</AdjudicationStatus>
    </adjudicating>
    <classMention id="EHOST_Instance_1051">
        <mentionClass id="NegCue">non</mentionClass>
    </classMention>
    <adjudicating>
        <mention id="EHOST_Instance_1052" />
        <annotator id="eHOST_2010">Jona</annotator>
        <span start="8263" end="8266" />
        <spannedText>n't</spannedText>
        <creationDate>Thu Jan 07 20:25:01 CET 2021</creationDate>
        <processed>true</processed>
        <AdjudicationStatus>MATCHES_OK</AdjudicationStatus>
    </adjudicating>
    <classMention id="EHOST_Instance_1052">
        <mentionClass id="NegCue">n't</mentionClass>
    </classMention>
    <adjudicating>
        <mention id="EHOST_Instance_1053" />
        <annotator id="eHOST_2010">Jona</annotator>
        <span start="9715" end="9718" />
        <spannedText>not</spannedText>
        <creationDate>Thu Jan 07 20:25:25 CET 2021</creationDate>
        <processed>true</processed>
        <AdjudicationStatus>MATCHES_OK</AdjudicationStatus>
    </adjudicating>
    <classMention id="EHOST_Instance_1053">
        <mentionClass id="NegCue">not</mentionClass>
    </classMention>
    <adjudicating>
        <mention id="EHOST_Instance_1054" />
        <annotator id="eHOST_2010">Jona</annotator>
        <span start="10063" end="10066" />
        <spannedText>not</spannedText>
        <creationDate>Thu Jan 07 20:25:33 CET 2021</creationDate>
        <processed>true</processed>
        <AdjudicationStatus>MATCHES_OK</AdjudicationStatus>
    </adjudicating>
    <classMention id="EHOST_Instance_1054">
        <mentionClass id="NegCue">not</mentionClass>
    </classMention>
    <adjudicating>
        <mention id="EHOST_Instance_1055" />
        <annotator id="eHOST_2010">Jona</annotator>
        <span start="2615" end="2618" />
        <spannedText>n’t</spannedText>
        <creationDate>Thu Jan 07 20:19:45 CET 2021</creationDate>
        <processed>true</processed>
        <AdjudicationStatus>NON_MATCHES</AdjudicationStatus>
    </adjudicating>
    <classMention id="EHOST_Instance_1055">
        <mentionClass id="NegCue">n’t</mentionClass>
    </classMention>
    <adjudicating>
        <mention id="EHOST_Instance_1056" />
        <annotator id="eHOST_2010">Jona</annotator>
        <span start="2660" end="2662" />
        <spannedText>im</spannedText>
        <creationDate>Thu Jan 07 20:20:08 CET 2021</creationDate>
        <processed>true</processed>
        <AdjudicationStatus>MATCHES_DLETED</AdjudicationStatus>
    </adjudicating>
    <classMention id="EHOST_Instance_1056">
        <mentionClass id="NegCue">im</mentionClass>
    </classMention>
    <adjudicating>
        <mention id="EHOST_Instance_1057" />
        <annotator id="eHOST_2010">Jona</annotator>
        <span start="2935" end="2938" />
        <spannedText>n’t</spannedText>
        <creationDate>Thu Jan 07 20:20:27 CET 2021</creationDate>
        <processed>true</processed>
        <AdjudicationStatus>NON_MATCHES</AdjudicationStatus>
    </adjudicating>
    <classMention id="EHOST_Instance_1057">
        <mentionClass id="NegCue">n’t</mentionClass>
    </classMention>
    <adjudicating>
        <mention id="EHOST_Instance_1058" />
        <annotator id="eHOST_2010">Jona</annotator>
        <span start="3193" end="3195" />
        <spannedText>un</spannedText>
        <creationDate>Thu Jan 07 20:20:40 CET 2021</creationDate>
        <processed>true</processed>
        <AdjudicationStatus>NON_MATCHES</AdjudicationStatus>
    </adjudicating>
    <classMention id="EHOST_Instance_1058">
        <mentionClass id="NegCue">un</mentionClass>
    </classMention>
    <adjudicating>
        <mention id="EHOST_Instance_1059" />
        <annotator id="eHOST_2010">Jona</annotator>
        <span start="3277" end="3280" />
        <spannedText>not</spannedText>
        <creationDate>Thu Jan 07 20:20:46 CET 2021</creationDate>
        <processed>true</processed>
        <AdjudicationStatus>MATCHES_DLETED</AdjudicationStatus>
    </adjudicating>
    <classMention id="EHOST_Instance_1059">
        <mentionClass id="NegCue">not</mentionClass>
    </classMention>
    <adjudicating>
        <mention id="EHOST_Instance_1060" />
        <annotator id="eHOST_2010">Jona</annotator>
        <span start="3422" end="3425" />
        <spannedText>not</spannedText>
        <creationDate>Thu Jan 07 20:20:51 CET 2021</creationDate>
        <processed>true</processed>
        <AdjudicationStatus>MATCHES_DLETED</AdjudicationStatus>
    </adjudicating>
    <classMention id="EHOST_Instance_1060">
        <mentionClass id="NegCue">not</mentionClass>
    </classMention>
    <adjudicating>
        <mention id="EHOST_Instance_1061" />
        <annotator id="eHOST_2010">Jona</annotator>
        <span start="3487" end="3490" />
        <spannedText>not</spannedText>
        <creationDate>Thu Jan 07 20:20:54 CET 2021</creationDate>
        <processed>true</processed>
        <AdjudicationStatus>MATCHES_DLETED</AdjudicationStatus>
    </adjudicating>
    <classMention id="EHOST_Instance_1061">
        <mentionClass id="NegCue">not</mentionClass>
    </classMention>
    <adjudicating>
        <mention id="EHOST_Instance_1062" />
        <annotator id="eHOST_2010">Jona</annotator>
        <span start="3505" end="3512" />
        <spannedText>neither</spannedText>
        <creationDate>Thu Jan 07 20:20:57 CET 2021</creationDate>
        <processed>true</processed>
        <AdjudicationStatus>MATCHES_DLETED</AdjudicationStatus>
    </adjudicating>
    <classMention id="EHOST_Instance_1062">
        <mentionClass id="NegCue">neither</mentionClass>
    </classMention>
    <adjudicating>
        <mention id="EHOST_Instance_1063" />
        <annotator id="eHOST_2010">Jona</annotator>
        <span start="3665" end="3670" />
        <spannedText>Never</spannedText>
        <creationDate>Thu Jan 07 20:21:02 CET 2021</creationDate>
        <processed>true</processed>
        <AdjudicationStatus>MATCHES_DLETED</AdjudicationStatus>
    </adjudicating>
    <classMention id="EHOST_Instance_1063">
        <mentionClass id="NegCue">Never</mentionClass>
    </classMention>
    <adjudicating>
        <mention id="EHOST_Instance_1064" />
        <annotator id="eHOST_2010">Jona</annotator>
        <span start="3927" end="3930" />
        <spannedText>n’t</spannedText>
        <creationDate>Thu Jan 07 20:21:22 CET 2021</creationDate>
        <processed>true</processed>
        <AdjudicationStatus>NON_MATCHES</AdjudicationStatus>
    </adjudicating>
    <classMention id="EHOST_Instance_1064">
        <mentionClass id="NegCue">n’t</mentionClass>
    </classMention>
    <adjudicating>
        <mention id="EHOST_Instance_1065" />
        <annotator id="eHOST_2010">Jona</annotator>
        <span start="3970" end="3973" />
        <spannedText>n’t</spannedText>
        <creationDate>Thu Jan 07 20:21:31 CET 2021</creationDate>
        <processed>true</processed>
        <AdjudicationStatus>NON_MATCHES</AdjudicationStatus>
    </adjudicating>
    <classMention id="EHOST_Instance_1065">
        <mentionClass id="NegCue">n’t</mentionClass>
    </classMention>
    <adjudicating>
        <mention id="EHOST_Instance_1066" />
        <annotator id="eHOST_2010">Jona</annotator>
        <span start="4107" end="4109" />
        <spannedText>un</spannedText>
        <creationDate>Thu Jan 07 20:21:43 CET 2021</creationDate>
        <processed>true</processed>
        <AdjudicationStatus>MATCHES_DLETED</AdjudicationStatus>
    </adjudicating>
    <classMention id="EHOST_Instance_1066">
        <mentionClass id="NegCue">un</mentionClass>
    </classMention>
    <adjudicating>
        <mention id="EHOST_Instance_1067" />
        <annotator id="eHOST_2010">Jona</annotator>
        <span start="4323" end="4326" />
        <spannedText>n’t</spannedText>
        <creationDate>Thu Jan 07 20:21:51 CET 2021</creationDate>
        <processed>true</processed>
        <AdjudicationStatus>NON_MATCHES</AdjudicationStatus>
    </adjudicating>
    <classMention id="EHOST_Instance_1067">
        <mentionClass id="NegCue">n’t</mentionClass>
    </classMention>
    <adjudicating>
        <mention id="EHOST_Instance_1068" />
        <annotator id="eHOST_2010">Jona</annotator>
        <span start="4872" end="4875" />
        <spannedText>not</spannedText>
        <creationDate>Thu Jan 07 20:22:09 CET 2021</creationDate>
        <processed>true</processed>
        <AdjudicationStatus>MATCHES_DLETED</AdjudicationStatus>
    </adjudicating>
    <classMention id="EHOST_Instance_1068">
        <mentionClass id="NegCue">not</mentionClass>
    </classMention>
    <adjudicating>
        <mention id="EHOST_Instance_1069" />
        <annotator id="eHOST_2010">Jona</annotator>
        <span start="4984" end="4987" />
        <spannedText>not</spannedText>
        <creationDate>Thu Jan 07 20:22:13 CET 2021</creationDate>
        <processed>true</processed>
        <AdjudicationStatus>MATCHES_DLETED</AdjudicationStatus>
    </adjudicating>
    <classMention id="EHOST_Instance_1069">
        <mentionClass id="NegCue">not</mentionClass>
    </classMention>
    <adjudicating>
        <mention id="EHOST_Instance_1070" />
        <annotator id="eHOST_2010">Jona</annotator>
        <span start="5143" end="5146" />
        <spannedText>n’t</spannedText>
        <creationDate>Thu Jan 07 20:22:25 CET 2021</creationDate>
        <processed>true</processed>
        <AdjudicationStatus>NON_MATCHES</AdjudicationStatus>
    </adjudicating>
    <classMention id="EHOST_Instance_1070">
        <mentionClass id="NegCue">n’t</mentionClass>
    </classMention>
    <adjudicating>
        <mention id="EHOST_Instance_1071" />
        <annotator id="eHOST_2010">Jona</annotator>
        <span start="5623" end="5626" />
        <spannedText>n’t</spannedText>
        <creationDate>Thu Jan 07 20:22:53 CET 2021</creationDate>
        <processed>true</processed>
        <AdjudicationStatus>NON_MATCHES</AdjudicationStatus>
    </adjudicating>
    <classMention id="EHOST_Instance_1071">
        <mentionClass id="NegCue">n’t</mentionClass>
    </classMention>
    <adjudicating>
        <mention id="EHOST_Instance_1072" />
        <annotator id="eHOST_2010">Jona</annotator>
        <span start="6427" end="6430" />
        <spannedText>n’t</spannedText>
        <creationDate>Thu Jan 07 20:23:17 CET 2021</creationDate>
        <processed>true</processed>
        <AdjudicationStatus>NON_MATCHES</AdjudicationStatus>
    </adjudicating>
    <classMention id="EHOST_Instance_1072">
        <mentionClass id="NegCue">n’t</mentionClass>
    </classMention>
    <adjudicating>
        <mention id="EHOST_Instance_1073" />
        <annotator id="eHOST_2010">Jona</annotator>
        <span start="6719" end="6722" />
        <spannedText>not</spannedText>
        <creationDate>Thu Jan 07 20:23:34 CET 2021</creationDate>
        <processed>true</processed>
        <AdjudicationStatus>MATCHES_DLETED</AdjudicationStatus>
    </adjudicating>
    <classMention id="EHOST_Instance_1073">
        <mentionClass id="NegCue">not</mentionClass>
    </classMention>
    <adjudicating>
        <mention id="EHOST_Instance_1074" />
        <annotator id="eHOST_2010">Jona</annotator>
        <span start="7058" end="7060" />
        <spannedText>un</spannedText>
        <creationDate>Thu Jan 07 20:23:48 CET 2021</creationDate>
        <processed>true</processed>
        <AdjudicationStatus>MATCHES_DLETED</AdjudicationStatus>
    </adjudicating>
    <classMention id="EHOST_Instance_1074">
        <mentionClass id="NegCue">un</mentionClass>
    </classMention>
    <adjudicating>
        <mention id="EHOST_Instance_1075" />
        <annotator id="eHOST_2010">Jona</annotator>
        <span start="7079" end="7082" />
        <spannedText>not</spannedText>
        <creationDate>Thu Jan 07 20:23:52 CET 2021</creationDate>
        <processed>true</processed>
        <AdjudicationStatus>MATCHES_DLETED</AdjudicationStatus>
    </adjudicating>
    <classMention id="EHOST_Instance_1075">
        <mentionClass id="NegCue">not</mentionClass>
    </classMention>
    <adjudicating>
        <mention id="EHOST_Instance_1076" />
        <annotator id="eHOST_2010">Jona</annotator>
        <span start="7128" end="7131" />
        <spannedText>not</spannedText>
        <creationDate>Thu Jan 07 20:23:54 CET 2021</creationDate>
        <processed>true</processed>
        <AdjudicationStatus>MATCHES_DLETED</AdjudicationStatus>
    </adjudicating>
    <classMention id="EHOST_Instance_1076">
        <mentionClass id="NegCue">not</mentionClass>
    </classMention>
    <adjudicating>
        <mention id="EHOST_Instance_1077" />
        <annotator id="eHOST_2010">Jona</annotator>
        <span start="7223" end="7225" />
        <spannedText>un</spannedText>
        <creationDate>Thu Jan 07 20:24:02 CET 2021</creationDate>
        <processed>true</processed>
        <AdjudicationStatus>MATCHES_DLETED</AdjudicationStatus>
    </adjudicating>
    <classMention id="EHOST_Instance_1077">
        <mentionClass id="NegCue">un</mentionClass>
    </classMention>
    <adjudicating>
        <mention id="EHOST_Instance_1078" />
        <annotator id="eHOST_2010">Jona</annotator>
        <span start="7767" end="7769" />
        <spannedText>un</spannedText>
        <creationDate>Thu Jan 07 20:24:21 CET 2021</creationDate>
        <processed>true</processed>
        <AdjudicationStatus>MATCHES_DLETED</AdjudicationStatus>
    </adjudicating>
    <classMention id="EHOST_Instance_1078">
        <mentionClass id="NegCue">un</mentionClass>
    </classMention>
    <adjudicating>
        <mention id="EHOST_Instance_1079" />
        <annotator id="eHOST_2010">Jona</annotator>
        <span start="7819" end="7822" />
        <spannedText>non</spannedText>
        <creationDate>Thu Jan 07 20:24:44 CET 2021</creationDate>
        <processed>true</processed>
        <AdjudicationStatus>MATCHES_DLETED</AdjudicationStatus>
    </adjudicating>
    <classMention id="EHOST_Instance_1079">
        <mentionClass id="NegCue">non</mentionClass>
    </classMention>
    <adjudicating>
        <mention id="EHOST_Instance_1080" />
        <annotator id="eHOST_2010">Jona</annotator>
        <span start="8263" end="8266" />
        <spannedText>n't</spannedText>
        <creationDate>Thu Jan 07 20:25:01 CET 2021</creationDate>
        <processed>true</processed>
        <AdjudicationStatus>MATCHES_DLETED</AdjudicationStatus>
    </adjudicating>
    <classMention id="EHOST_Instance_1080">
        <mentionClass id="NegCue">n't</mentionClass>
    </classMention>
    <adjudicating>
        <mention id="EHOST_Instance_1081" />
        <annotator id="eHOST_2010">Jona</annotator>
        <span start="9715" end="9718" />
        <spannedText>not</spannedText>
        <creationDate>Thu Jan 07 20:25:25 CET 2021</creationDate>
        <processed>true</processed>
        <AdjudicationStatus>MATCHES_DLETED</AdjudicationStatus>
    </adjudicating>
    <classMention id="EHOST_Instance_1081">
        <mentionClass id="NegCue">not</mentionClass>
    </classMention>
    <adjudicating>
        <mention id="EHOST_Instance_1082" />
        <annotator id="eHOST_2010">Jona</annotator>
        <span start="10063" end="10066" />
        <spannedText>not</spannedText>
        <creationDate>Thu Jan 07 20:25:33 CET 2021</creationDate>
        <processed>true</processed>
        <AdjudicationStatus>MATCHES_DLETED</AdjudicationStatus>
    </adjudicating>
    <classMention id="EHOST_Instance_1082">
        <mentionClass id="NegCue">not</mentionClass>
    </classMention>
    <adjudicating>
        <mention id="EHOST_Instance_1083" />
        <annotator id="eHOST_2010">Eva</annotator>
        <span start="2937" end="2938" />
        <spannedText>t</spannedText>
        <creationDate>Tue Jan 05 19:02:02 CET 2021</creationDate>
        <processed>true</processed>
        <AdjudicationStatus>NON_MATCHES</AdjudicationStatus>
    </adjudicating>
    <classMention id="EHOST_Instance_1083">
        <mentionClass id="NegCue">t</mentionClass>
    </classMention>
    <adjudicating>
        <mention id="EHOST_Instance_1084" />
        <annotator id="eHOST_2010">Eva</annotator>
        <span start="2936" end="2937" />
        <spannedText>’</spannedText>
        <creationDate>Tue Jan 05 19:02:10 CET 2021</creationDate>
        <processed>true</processed>
        <AdjudicationStatus>NON_MATCHES</AdjudicationStatus>
    </adjudicating>
    <classMention id="EHOST_Instance_1084">
        <mentionClass id="NegCue">’</mentionClass>
    </classMention>
    <adjudicating>
        <mention id="EHOST_Instance_1085" />
        <annotator id="eHOST_2010">Eva</annotator>
        <span start="2935" end="2937" />
        <spannedText>n’</spannedText>
        <creationDate>Tue Jan 05 19:02:26 CET 2021</creationDate>
        <processed>true</processed>
        <AdjudicationStatus>NON_MATCHES</AdjudicationStatus>
    </adjudicating>
    <classMention id="EHOST_Instance_1085">
        <mentionClass id="NegCue">n’</mentionClass>
    </classMention>
    <adjudicating>
        <mention id="EHOST_Instance_1086" />
        <annotator id="eHOST_2010">Eva</annotator>
        <span start="3277" end="3280" />
        <spannedText>not</spannedText>
        <creationDate>Tue Jan 05 19:02:38 CET 2021</creationDate>
        <processed>true</processed>
        <AdjudicationStatus>MATCHES_DLETED</AdjudicationStatus>
    </adjudicating>
    <classMention id="EHOST_Instance_1086">
        <mentionClass id="NegCue">not</mentionClass>
    </classMention>
    <adjudicating>
        <mention id="EHOST_Instance_1087" />
        <annotator id="eHOST_2010">Eva</annotator>
        <span start="3422" end="3425" />
        <spannedText>not</spannedText>
        <creationDate>Tue Jan 05 19:02:44 CET 2021</creationDate>
        <processed>true</processed>
        <AdjudicationStatus>MATCHES_DLETED</AdjudicationStatus>
    </adjudicating>
    <classMention id="EHOST_Instance_1087">
        <mentionClass id="NegCue">not</mentionClass>
    </classMention>
    <adjudicating>
        <mention id="EHOST_Instance_1088" />
        <annotator id="eHOST_2010">Eva</annotator>
        <span start="3487" end="3490" />
        <spannedText>not</spannedText>
        <creationDate>Tue Jan 05 19:02:48 CET 2021</creationDate>
        <processed>true</processed>
        <AdjudicationStatus>MATCHES_DLETED</AdjudicationStatus>
    </adjudicating>
    <classMention id="EHOST_Instance_1088">
        <mentionClass id="NegCue">not</mentionClass>
    </classMention>
    <adjudicating>
        <mention id="EHOST_Instance_1089" />
        <annotator id="eHOST_2010">Eva</annotator>
        <span start="3505" end="3512" />
        <spannedText>neither</spannedText>
        <creationDate>Tue Jan 05 19:02:49 CET 2021</creationDate>
        <processed>true</processed>
        <AdjudicationStatus>MATCHES_DLETED</AdjudicationStatus>
    </adjudicating>
    <classMention id="EHOST_Instance_1089">
        <mentionClass id="NegCue">neither</mentionClass>
    </classMention>
    <adjudicating>
        <mention id="EHOST_Instance_1090" />
        <annotator id="eHOST_2010">Eva</annotator>
        <span start="3929" end="3930" />
        <spannedText>t</spannedText>
        <creationDate>Tue Jan 05 19:03:04 CET 2021</creationDate>
        <processed>true</processed>
        <AdjudicationStatus>NON_MATCHES</AdjudicationStatus>
    </adjudicating>
    <classMention id="EHOST_Instance_1090">
        <mentionClass id="NegCue">t</mentionClass>
    </classMention>
    <adjudicating>
        <mention id="EHOST_Instance_1091" />
        <annotator id="eHOST_2010">Eva</annotator>
        <span start="3928" end="3929" />
        <spannedText>’</spannedText>
        <creationDate>Tue Jan 05 19:03:05 CET 2021</creationDate>
        <processed>true</processed>
        <AdjudicationStatus>NON_MATCHES</AdjudicationStatus>
    </adjudicating>
    <classMention id="EHOST_Instance_1091">
        <mentionClass id="NegCue">’</mentionClass>
    </classMention>
    <adjudicating>
        <mention id="EHOST_Instance_1092" />
        <annotator id="eHOST_2010">Eva</annotator>
        <span start="3972" end="3973" />
        <spannedText>t</spannedText>
        <creationDate>Tue Jan 05 19:03:11 CET 2021</creationDate>
        <processed>true</processed>
        <AdjudicationStatus>NON_MATCHES</AdjudicationStatus>
    </adjudicating>
    <classMention id="EHOST_Instance_1092">
        <mentionClass id="NegCue">t</mentionClass>
    </classMention>
    <adjudicating>
        <mention id="EHOST_Instance_1093" />
        <annotator id="eHOST_2010">Eva</annotator>
        <span start="4325" end="4326" />
        <spannedText>t</spannedText>
        <creationDate>Tue Jan 05 19:03:23 CET 2021</creationDate>
        <processed>true</processed>
        <AdjudicationStatus>NON_MATCHES</AdjudicationStatus>
    </adjudicating>
    <classMention id="EHOST_Instance_1093">
        <mentionClass id="NegCue">t</mentionClass>
    </classMention>
    <adjudicating>
        <mention id="EHOST_Instance_1094" />
        <annotator id="eHOST_2010">Eva</annotator>
        <span start="4872" end="4875" />
        <spannedText>not</spannedText>
        <creationDate>Tue Jan 05 19:03:40 CET 2021</creationDate>
        <processed>true</processed>
        <AdjudicationStatus>MATCHES_DLETED</AdjudicationStatus>
    </adjudicating>
    <classMention id="EHOST_Instance_1094">
        <mentionClass id="NegCue">not</mentionClass>
    </classMention>
    <adjudicating>
        <mention id="EHOST_Instance_1095" />
        <annotator id="eHOST_2010">Eva</annotator>
        <span start="4984" end="4987" />
        <spannedText>not</spannedText>
        <creationDate>Tue Jan 05 19:03:44 CET 2021</creationDate>
        <processed>true</processed>
        <AdjudicationStatus>MATCHES_DLETED</AdjudicationStatus>
    </adjudicating>
    <classMention id="EHOST_Instance_1095">
        <mentionClass id="NegCue">not</mentionClass>
    </classMention>
    <adjudicating>
        <mention id="EHOST_Instance_1096" />
        <annotator id="eHOST_2010">Eva</annotator>
        <span start="5145" end="5146" />
        <spannedText>t</spannedText>
        <creationDate>Tue Jan 05 19:03:50 CET 2021</creationDate>
        <processed>true</processed>
        <AdjudicationStatus>NON_MATCHES</AdjudicationStatus>
    </adjudicating>
    <classMention id="EHOST_Instance_1096">
        <mentionClass id="NegCue">t</mentionClass>
    </classMention>
    <adjudicating>
        <mention id="EHOST_Instance_1097" />
        <annotator id="eHOST_2010">Eva</annotator>
        <span start="5625" end="5626" />
        <spannedText>t</spannedText>
        <creationDate>Tue Jan 05 19:05:08 CET 2021</creationDate>
        <processed>true</processed>
        <AdjudicationStatus>NON_MATCHES</AdjudicationStatus>
    </adjudicating>
    <classMention id="EHOST_Instance_1097">
        <mentionClass id="NegCue">t</mentionClass>
    </classMention>
    <adjudicating>
        <mention id="EHOST_Instance_1098" />
        <annotator id="eHOST_2010">Eva</annotator>
        <span start="5750" end="5751" />
        <spannedText>t</spannedText>
        <creationDate>Tue Jan 05 19:05:58 CET 2021</creationDate>
        <processed>true</processed>
        <AdjudicationStatus>NON_MATCHES</AdjudicationStatus>
    </adjudicating>
    <classMention id="EHOST_Instance_1098">
        <mentionClass id="NegCue">t</mentionClass>
    </classMention>
    <adjudicating>
        <mention id="EHOST_Instance_1099" />
        <annotator id="eHOST_2010">Eva</annotator>
        <span start="6429" end="6430" />
        <spannedText>t</spannedText>
        <creationDate>Tue Jan 05 19:06:21 CET 2021</creationDate>
        <processed>true</processed>
        <AdjudicationStatus>NON_MATCHES</AdjudicationStatus>
    </adjudicating>
    <classMention id="EHOST_Instance_1099">
        <mentionClass id="NegCue">t</mentionClass>
    </classMention>
    <adjudicating>
        <mention id="EHOST_Instance_1100" />
        <annotator id="eHOST_2010">Eva</annotator>
        <span start="7079" end="7082" />
        <spannedText>not</spannedText>
        <creationDate>Tue Jan 05 19:07:16 CET 2021</creationDate>
        <processed>true</processed>
        <AdjudicationStatus>MATCHES_DLETED</AdjudicationStatus>
    </adjudicating>
    <classMention id="EHOST_Instance_1100">
        <mentionClass id="NegCue">not</mentionClass>
    </classMention>
    <adjudicating>
        <mention id="EHOST_Instance_1101" />
        <annotator id="eHOST_2010">Eva</annotator>
        <span start="7128" end="7131" />
        <spannedText>not</spannedText>
        <creationDate>Tue Jan 05 19:07:19 CET 2021</creationDate>
        <processed>true</processed>
        <AdjudicationStatus>MATCHES_DLETED</AdjudicationStatus>
    </adjudicating>
    <classMention id="EHOST_Instance_1101">
        <mentionClass id="NegCue">not</mentionClass>
    </classMention>
    <adjudicating>
        <mention id="EHOST_Instance_1102" />
        <annotator id="eHOST_2010">Eva</annotator>
        <span start="7223" end="7225" />
        <spannedText>un</spannedText>
        <creationDate>Tue Jan 05 19:07:35 CET 2021</creationDate>
        <processed>true</processed>
        <AdjudicationStatus>MATCHES_DLETED</AdjudicationStatus>
    </adjudicating>
    <classMention id="EHOST_Instance_1102">
        <mentionClass id="NegCue">un</mentionClass>
    </classMention>
    <adjudicating>
        <mention id="EHOST_Instance_1103" />
        <annotator id="eHOST_2010">Eva</annotator>
        <span start="8263" end="8266" />
        <spannedText>n't</spannedText>
        <creationDate>Tue Jan 05 19:08:51 CET 2021</creationDate>
        <processed>true</processed>
        <AdjudicationStatus>MATCHES_DLETED</AdjudicationStatus>
    </adjudicating>
    <classMention id="EHOST_Instance_1103">
        <mentionClass id="NegCue">n't</mentionClass>
    </classMention>
    <adjudicating>
        <mention id="EHOST_Instance_1104" />
        <annotator id="eHOST_2010">Eva</annotator>
        <span start="9715" end="9718" />
        <spannedText>not</spannedText>
        <creationDate>Tue Jan 05 19:09:06 CET 2021</creationDate>
        <processed>true</processed>
        <AdjudicationStatus>MATCHES_DLETED</AdjudicationStatus>
    </adjudicating>
    <classMention id="EHOST_Instance_1104">
        <mentionClass id="NegCue">not</mentionClass>
    </classMention>
    <adjudicating>
        <mention id="EHOST_Instance_1105" />
        <annotator id="eHOST_2010">Eva</annotator>
        <span start="10063" end="10066" />
        <spannedText>not</spannedText>
        <creationDate>Tue Jan 05 19:09:14 CET 2021</creationDate>
        <processed>true</processed>
        <AdjudicationStatus>MATCHES_DLETED</AdjudicationStatus>
    </adjudicating>
    <classMention id="EHOST_Instance_1105">
        <mentionClass id="NegCue">not</mentionClass>
    </classMention>
    <adjudicating>
        <mention id="EHOST_Instance_1106" />
        <annotator id="eHOST_2010">Eva</annotator>
        <span start="2617" end="2618" />
        <spannedText>t</spannedText>
        <creationDate>Tue Jan 05 19:09:50 CET 2021</creationDate>
        <processed>true</processed>
        <AdjudicationStatus>NON_MATCHES</AdjudicationStatus>
    </adjudicating>
    <classMention id="EHOST_Instance_1106">
        <mentionClass id="NegCue">t</mentionClass>
    </classMention>
    <adjudicating>
        <mention id="EHOST_Instance_1107" />
        <annotator id="eHOST_2010">Eva</annotator>
        <span start="2660" end="2662" />
        <spannedText>im</spannedText>
        <creationDate>Tue Jan 05 20:22:49 CET 2021</creationDate>
        <processed>true</processed>
        <AdjudicationStatus>MATCHES_DLETED</AdjudicationStatus>
    </adjudicating>
    <classMention id="EHOST_Instance_1107">
        <mentionClass id="NegCue">im</mentionClass>
    </classMention>
    <adjudicating>
        <mention id="EHOST_Instance_1108" />
        <annotator id="eHOST_2010">Eva</annotator>
        <span start="3665" end="3670" />
        <spannedText>Never</spannedText>
        <creationDate>Tue Jan 05 20:23:04 CET 2021</creationDate>
        <processed>true</processed>
        <AdjudicationStatus>MATCHES_DLETED</AdjudicationStatus>
    </adjudicating>
    <classMention id="EHOST_Instance_1108">
        <mentionClass id="NegCue">Never</mentionClass>
    </classMention>
    <adjudicating>
        <mention id="EHOST_Instance_1109" />
        <annotator id="eHOST_2010">Eva</annotator>
        <span start="818" end="821" />
        <spannedText>n't</spannedText>
        <creationDate>Wed Jan 06 10:49:17 CET 2021</creationDate>
        <processed>true</processed>
        <AdjudicationStatus>NON_MATCHES</AdjudicationStatus>
    </adjudicating>
    <classMention id="EHOST_Instance_1109">
        <mentionClass id="NegCue">n't</mentionClass>
    </classMention>
    <adjudicating>
        <mention id="EHOST_Instance_1110" />
        <annotator id="eHOST_2010">Eva</annotator>
        <span start="6719" end="6722" />
        <spannedText>not</spannedText>
        <creationDate>Wed Jan 06 12:33:21 CET 2021</creationDate>
        <processed>true</processed>
        <AdjudicationStatus>MATCHES_DLETED</AdjudicationStatus>
    </adjudicating>
    <classMention id="EHOST_Instance_1110">
        <mentionClass id="NegCue">not</mentionClass>
    </classMention>
    <adjudicating>
        <mention id="EHOST_Instance_1111" />
        <annotator id="eHOST_2010">Eva</annotator>
        <span start="7819" end="7822" />
        <spannedText>non</spannedText>
        <creationDate>Wed Jan 06 12:33:49 CET 2021</creationDate>
        <processed>true</processed>
        <AdjudicationStatus>MATCHES_DLETED</AdjudicationStatus>
    </adjudicating>
    <classMention id="EHOST_Instance_1111">
        <mentionClass id="NegCue">non</mentionClass>
    </classMention>
    <adjudicating>
        <mention id="EHOST_Instance_1112" />
        <annotator id="eHOST_2010">Eva</annotator>
        <span start="4107" end="4109" />
        <spannedText>un</spannedText>
        <creationDate>Wed Jan 06 12:34:16 CET 2021</creationDate>
        <processed>true</processed>
        <AdjudicationStatus>MATCHES_DLETED</AdjudicationStatus>
    </adjudicating>
    <classMention id="EHOST_Instance_1112">
        <mentionClass id="NegCue">un</mentionClass>
    </classMention>
    <adjudicating>
        <mention id="EHOST_Instance_1113" />
        <annotator id="eHOST_2010">Eva</annotator>
        <span start="7767" end="7769" />
        <spannedText>un</spannedText>
        <creationDate>Wed Jan 06 12:34:39 CET 2021</creationDate>
        <processed>true</processed>
        <AdjudicationStatus>MATCHES_DLETED</AdjudicationStatus>
    </adjudicating>
    <classMention id="EHOST_Instance_1113">
        <mentionClass id="NegCue">un</mentionClass>
    </classMention>
    <adjudicating>
        <mention id="EHOST_Instance_1114" />
        <annotator id="eHOST_2010">Eva</annotator>
        <span start="7058" end="7060" />
        <spannedText>un</spannedText>
        <creationDate>Wed Jan 06 12:35:00 CET 2021</creationDate>
        <processed>true</processed>
        <AdjudicationStatus>MATCHES_DLETED</AdjudicationStatus>
    </adjudicating>
    <classMention id="EHOST_Instance_1114">
        <mentionClass id="NegCue">un</mentionClass>
    </classMention>
    <adjudicating>
        <mention id="EHOST_Instance_1115" />
        <annotator id="eHOST_2010">Eva</annotator>
        <span start="8186" end="8190" />
        <spannedText>less</spannedText>
        <creationDate>Wed Jan 06 12:47:20 CET 2021</creationDate>
        <processed>true</processed>
        <AdjudicationStatus>NON_MATCHES</AdjudicationStatus>
    </adjudicating>
    <classMention id="EHOST_Instance_1115">
        <mentionClass id="NegCue">less</mentionClass>
    </classMention>
    <adjudicating>
        <mention id="EHOST_Instance_1116" />
        <annotator id="eHOST_2010">Eva</annotator>
        <span start="2616" end="2617" />
        <spannedText>’</spannedText>
        <creationDate>Thu Jan 07 16:02:40 CET 2021</creationDate>
        <processed>true</processed>
        <AdjudicationStatus>NON_MATCHES</AdjudicationStatus>
    </adjudicating>
    <classMention id="EHOST_Instance_1116">
        <mentionClass id="NegCue">’</mentionClass>
    </classMention>
    <adjudicating>
        <mention id="EHOST_Instance_1117" />
        <annotator id="eHOST_2010">Eva</annotator>
        <span start="2615" end="2616" />
        <spannedText>n</spannedText>
        <creationDate>Thu Jan 07 16:02:49 CET 2021</creationDate>
        <processed>true</processed>
        <AdjudicationStatus>NON_MATCHES</AdjudicationStatus>
    </adjudicating>
    <classMention id="EHOST_Instance_1117">
        <mentionClass id="NegCue">n</mentionClass>
    </classMention>
    <adjudicating>
        <mention id="EHOST_Instance_1118" />
        <annotator id="eHOST_2010">Eva</annotator>
        <span start="3927" end="3928" />
        <spannedText>n</spannedText>
        <creationDate>Thu Jan 07 16:03:12 CET 2021</creationDate>
        <processed>true</processed>
        <AdjudicationStatus>NON_MATCHES</AdjudicationStatus>
    </adjudicating>
    <classMention id="EHOST_Instance_1118">
        <mentionClass id="NegCue">n</mentionClass>
    </classMention>
    <adjudicating>
        <mention id="EHOST_Instance_1119" />
        <annotator id="eHOST_2010">Eva</annotator>
        <span start="3970" end="3971" />
        <spannedText>n</spannedText>
        <creationDate>Thu Jan 07 16:03:21 CET 2021</creationDate>
        <processed>true</processed>
        <AdjudicationStatus>NON_MATCHES</AdjudicationStatus>
    </adjudicating>
    <classMention id="EHOST_Instance_1119">
        <mentionClass id="NegCue">n</mentionClass>
    </classMention>
    <adjudicating>
        <mention id="EHOST_Instance_1120" />
        <annotator id="eHOST_2010">Eva</annotator>
        <span start="3971" end="3972" />
        <spannedText>’</spannedText>
        <creationDate>Thu Jan 07 16:03:26 CET 2021</creationDate>
        <processed>true</processed>
        <AdjudicationStatus>NON_MATCHES</AdjudicationStatus>
    </adjudicating>
    <classMention id="EHOST_Instance_1120">
        <mentionClass id="NegCue">’</mentionClass>
    </classMention>
    <adjudicating>
        <mention id="EHOST_Instance_1121" />
        <annotator id="eHOST_2010">Eva</annotator>
        <span start="5144" end="5145" />
        <spannedText>’</spannedText>
        <creationDate>Thu Jan 07 16:03:29 CET 2021</creationDate>
        <processed>true</processed>
        <AdjudicationStatus>NON_MATCHES</AdjudicationStatus>
    </adjudicating>
    <classMention id="EHOST_Instance_1121">
        <mentionClass id="NegCue">’</mentionClass>
    </classMention>
    <adjudicating>
        <mention id="EHOST_Instance_1122" />
        <annotator id="eHOST_2010">Eva</annotator>
        <span start="4324" end="4325" />
        <spannedText>’</spannedText>
        <creationDate>Thu Jan 07 16:03:33 CET 2021</creationDate>
        <processed>true</processed>
        <AdjudicationStatus>NON_MATCHES</AdjudicationStatus>
    </adjudicating>
    <classMention id="EHOST_Instance_1122">
        <mentionClass id="NegCue">’</mentionClass>
    </classMention>
    <adjudicating>
        <mention id="EHOST_Instance_1123" />
        <annotator id="eHOST_2010">Eva</annotator>
        <span start="4323" end="4324" />
        <spannedText>n</spannedText>
        <creationDate>Thu Jan 07 16:03:42 CET 2021</creationDate>
        <processed>true</processed>
        <AdjudicationStatus>NON_MATCHES</AdjudicationStatus>
    </adjudicating>
    <classMention id="EHOST_Instance_1123">
        <mentionClass id="NegCue">n</mentionClass>
    </classMention>
    <adjudicating>
        <mention id="EHOST_Instance_1124" />
        <annotator id="eHOST_2010">Eva</annotator>
        <span start="5143" end="5144" />
        <spannedText>n</spannedText>
        <creationDate>Thu Jan 07 16:03:53 CET 2021</creationDate>
        <processed>true</processed>
        <AdjudicationStatus>NON_MATCHES</AdjudicationStatus>
    </adjudicating>
    <classMention id="EHOST_Instance_1124">
        <mentionClass id="NegCue">n</mentionClass>
    </classMention>
    <adjudicating>
        <mention id="EHOST_Instance_1125" />
        <annotator id="eHOST_2010">Eva</annotator>
        <span start="5623" end="5624" />
        <spannedText>n</spannedText>
        <creationDate>Thu Jan 07 16:04:13 CET 2021</creationDate>
        <processed>true</processed>
        <AdjudicationStatus>NON_MATCHES</AdjudicationStatus>
    </adjudicating>
    <classMention id="EHOST_Instance_1125">
        <mentionClass id="NegCue">n</mentionClass>
    </classMention>
    <adjudicating>
        <mention id="EHOST_Instance_1126" />
        <annotator id="eHOST_2010">Eva</annotator>
        <span start="5748" end="5749" />
        <spannedText>n</spannedText>
        <creationDate>Thu Jan 07 16:04:28 CET 2021</creationDate>
        <processed>true</processed>
        <AdjudicationStatus>NON_MATCHES</AdjudicationStatus>
    </adjudicating>
    <classMention id="EHOST_Instance_1126">
        <mentionClass id="NegCue">n</mentionClass>
    </classMention>
    <adjudicating>
        <mention id="EHOST_Instance_1127" />
        <annotator id="eHOST_2010">Eva</annotator>
        <span start="5624" end="5625" />
        <spannedText>’</spannedText>
        <creationDate>Thu Jan 07 16:04:18 CET 2021</creationDate>
        <processed>true</processed>
        <AdjudicationStatus>NON_MATCHES</AdjudicationStatus>
    </adjudicating>
    <classMention id="EHOST_Instance_1127">
        <mentionClass id="NegCue">’</mentionClass>
    </classMention>
    <adjudicating>
        <mention id="EHOST_Instance_1128" />
        <annotator id="eHOST_2010">Eva</annotator>
        <span start="5749" end="5750" />
        <spannedText>’</spannedText>
        <creationDate>Thu Jan 07 16:04:20 CET 2021</creationDate>
        <processed>true</processed>
        <AdjudicationStatus>NON_MATCHES</AdjudicationStatus>
    </adjudicating>
    <classMention id="EHOST_Instance_1128">
        <mentionClass id="NegCue">’</mentionClass>
    </classMention>
    <adjudicating>
        <mention id="EHOST_Instance_1129" />
        <annotator id="eHOST_2010">Eva</annotator>
        <span start="6428" end="6429" />
        <spannedText>’</spannedText>
        <creationDate>Thu Jan 07 16:04:43 CET 2021</creationDate>
        <processed>true</processed>
        <AdjudicationStatus>NON_MATCHES</AdjudicationStatus>
    </adjudicating>
    <classMention id="EHOST_Instance_1129">
        <mentionClass id="NegCue">’</mentionClass>
    </classMention>
    <adjudicating>
        <mention id="EHOST_Instance_1130" />
        <annotator id="eHOST_2010">Eva</annotator>
        <span start="6427" end="6428" />
        <spannedText>n</spannedText>
        <creationDate>Thu Jan 07 16:04:48 CET 2021</creationDate>
        <processed>true</processed>
        <AdjudicationStatus>NON_MATCHES</AdjudicationStatus>
    </adjudicating>
    <classMention id="EHOST_Instance_1130">
        <mentionClass id="NegCue">n</mentionClass>
    </classMention>
    <eHOST_Adjudication_Status version="1.0">
        <Adjudication_Selected_Annotators version="1.0">
            <Annotator>Jona</Annotator>
            <Annotator>Eva</Annotator>
            <Annotator>ADJUDICATION</Annotator>
        </Adjudication_Selected_Annotators>
        <Adjudication_Selected_Classes version="1.0">
            <Class>NegCue</Class>
        </Adjudication_Selected_Classes>
        <Adjudication_Others>
            <CHECK_OVERLAPPED_SPANS>false</CHECK_OVERLAPPED_SPANS>
            <CHECK_ATTRIBUTES>false</CHECK_ATTRIBUTES>
            <CHECK_RELATIONSHIP>false</CHECK_RELATIONSHIP>
            <CHECK_CLASS>false</CHECK_CLASS>
            <CHECK_COMMENT>false</CHECK_COMMENT>
        </Adjudication_Others>
    </eHOST_Adjudication_Status>
</annotations>

