<?xml version="1.0" encoding="UTF-8"?>
<annotations textSource="cdc-gov_20170703T010627.txt">
    <annotation>
        <mention id="EHOST_Instance_8493" />
        <annotator id="eHOST_2010">Eva</annotator>
        <span start="721" end="723" />
        <spannedText>no</spannedText>
        <creationDate>Tue Jan 05 18:58:58 CET 2021</creationDate>
    </annotation>
    <classMention id="EHOST_Instance_8493">
        <mentionClass id="NegCue">no</mentionClass>
    </classMention>
    <annotation>
        <mention id="EHOST_Instance_8494" />
        <annotator id="eHOST_2010">Eva</annotator>
        <span start="1012" end="1015" />
        <spannedText>not</spannedText>
        <creationDate>Tue Jan 05 18:59:09 CET 2021</creationDate>
    </annotation>
    <classMention id="EHOST_Instance_8494">
        <mentionClass id="NegCue">not</mentionClass>
    </classMention>
    <annotation>
        <mention id="EHOST_Instance_8495" />
        <annotator id="eHOST_2010">Eva</annotator>
        <span start="1353" end="1356" />
        <spannedText>not</spannedText>
        <creationDate>Tue Jan 05 18:59:21 CET 2021</creationDate>
    </annotation>
    <classMention id="EHOST_Instance_8495">
        <mentionClass id="NegCue">not</mentionClass>
    </classMention>
    <annotation>
        <mention id="EHOST_Instance_8496" />
        <annotator id="eHOST_2010">Eva</annotator>
        <span start="1567" end="1570" />
        <spannedText>not</spannedText>
        <creationDate>Tue Jan 05 18:59:28 CET 2021</creationDate>
    </annotation>
    <classMention id="EHOST_Instance_8496">
        <mentionClass id="NegCue">not</mentionClass>
    </classMention>
    <annotation>
        <mention id="EHOST_Instance_8497" />
        <annotator id="eHOST_2010">Eva</annotator>
        <span start="1913" end="1915" />
        <spannedText>no</spannedText>
        <creationDate>Tue Jan 05 18:59:48 CET 2021</creationDate>
    </annotation>
    <classMention id="EHOST_Instance_8497">
        <mentionClass id="NegCue">no</mentionClass>
    </classMention>
    <annotation>
        <mention id="EHOST_Instance_8498" />
        <annotator id="eHOST_2010">Eva</annotator>
        <span start="2697" end="2699" />
        <spannedText>no</spannedText>
        <creationDate>Tue Jan 05 19:00:01 CET 2021</creationDate>
    </annotation>
    <classMention id="EHOST_Instance_8498">
        <mentionClass id="NegCue">no</mentionClass>
    </classMention>
    <annotation>
        <mention id="EHOST_Instance_8499" />
        <annotator id="eHOST_2010">Eva</annotator>
        <span start="2839" end="2842" />
        <spannedText>not</spannedText>
        <creationDate>Tue Jan 05 19:00:07 CET 2021</creationDate>
    </annotation>
    <classMention id="EHOST_Instance_8499">
        <mentionClass id="NegCue">not</mentionClass>
    </classMention>
    <annotation>
        <mention id="EHOST_Instance_8500" />
        <annotator id="eHOST_2010">Eva</annotator>
        <span start="1846" end="1848" />
        <spannedText>no</spannedText>
        <creationDate>Wed Jan 06 10:47:53 CET 2021</creationDate>
    </annotation>
    <classMention id="EHOST_Instance_8500">
        <mentionClass id="NegCue">no</mentionClass>
    </classMention>
    <annotation>
        <mention id="EHOST_Instance_8501" />
        <annotator id="eHOST_2010">Eva</annotator>
        <span start="2295" end="2298" />
        <spannedText>not</spannedText>
        <creationDate>Wed Jan 06 10:48:26 CET 2021</creationDate>
    </annotation>
    <classMention id="EHOST_Instance_8501">
        <mentionClass id="NegCue">not</mentionClass>
    </classMention>
    <eHOST_Adjudication_Status version="1.0">
        <Adjudication_Selected_Annotators version="1.0" />
        <Adjudication_Selected_Classes version="1.0" />
        <Adjudication_Others>
            <CHECK_OVERLAPPED_SPANS>false</CHECK_OVERLAPPED_SPANS>
            <CHECK_ATTRIBUTES>false</CHECK_ATTRIBUTES>
            <CHECK_RELATIONSHIP>false</CHECK_RELATIONSHIP>
            <CHECK_CLASS>false</CHECK_CLASS>
            <CHECK_COMMENT>false</CHECK_COMMENT>
        </Adjudication_Others>
    </eHOST_Adjudication_Status>
</annotations>
