<?xml version="1.0" encoding="UTF-8"?>
<annotations textSource="CIDRAP_20161223T092534.txt">
    <annotation>
        <mention id="EHOST_Instance_8467" />
        <annotator id="eHOST_2010">Eva</annotator>
        <span start="1025" end="1028" />
        <spannedText>not</spannedText>
        <creationDate>Tue Jan 05 18:24:51 CET 2021</creationDate>
    </annotation>
    <classMention id="EHOST_Instance_8467">
        <mentionClass id="NegCue">not</mentionClass>
    </classMention>
    <annotation>
        <mention id="EHOST_Instance_8468" />
        <annotator id="eHOST_2010">Eva</annotator>
        <span start="1110" end="1113" />
        <spannedText>n't</spannedText>
        <creationDate>Tue Jan 05 18:25:01 CET 2021</creationDate>
    </annotation>
    <classMention id="EHOST_Instance_8468">
        <mentionClass id="NegCue">n't</mentionClass>
    </classMention>
    <annotation>
        <mention id="EHOST_Instance_8469" />
        <annotator id="eHOST_2010">Eva</annotator>
        <span start="1675" end="1678" />
        <spannedText>not</spannedText>
        <creationDate>Tue Jan 05 18:25:16 CET 2021</creationDate>
    </annotation>
    <classMention id="EHOST_Instance_8469">
        <mentionClass id="NegCue">not</mentionClass>
    </classMention>
    <annotation>
        <mention id="EHOST_Instance_8470" />
        <annotator id="eHOST_2010">Jona</annotator>
        <span start="1025" end="1028" />
        <spannedText>not</spannedText>
        <creationDate>Thu Jan 07 20:10:59 CET 2021</creationDate>
    </annotation>
    <classMention id="EHOST_Instance_8470">
        <mentionClass id="NegCue">not</mentionClass>
    </classMention>
    <annotation>
        <mention id="EHOST_Instance_8471" />
        <annotator id="eHOST_2010">Jona</annotator>
        <span start="1110" end="1113" />
        <spannedText>n't</spannedText>
        <creationDate>Thu Jan 07 20:11:05 CET 2021</creationDate>
    </annotation>
    <classMention id="EHOST_Instance_8471">
        <mentionClass id="NegCue">n't</mentionClass>
    </classMention>
    <annotation>
        <mention id="EHOST_Instance_8472" />
        <annotator id="eHOST_2010">Jona</annotator>
        <span start="1675" end="1678" />
        <spannedText>not</spannedText>
        <creationDate>Thu Jan 07 20:11:18 CET 2021</creationDate>
    </annotation>
    <classMention id="EHOST_Instance_8472">
        <mentionClass id="NegCue">not</mentionClass>
    </classMention>
    <eHOST_Adjudication_Status version="1.0">
        <Adjudication_Selected_Annotators version="1.0" />
        <Adjudication_Selected_Classes version="1.0" />
        <Adjudication_Others>
            <CHECK_OVERLAPPED_SPANS>false</CHECK_OVERLAPPED_SPANS>
            <CHECK_ATTRIBUTES>false</CHECK_ATTRIBUTES>
            <CHECK_RELATIONSHIP>false</CHECK_RELATIONSHIP>
            <CHECK_CLASS>false</CHECK_CLASS>
            <CHECK_COMMENT>false</CHECK_COMMENT>
        </Adjudication_Others>
    </eHOST_Adjudication_Status>
</annotations>

