<?xml version="1.0" encoding="UTF-8"?>
<annotations textSource="dogsnaturallymagazine-com_20160430T211917.txt">
    <annotation>
        <mention id="EHOST_Instance_8510" />
        <annotator id="eHOST_2010">Eva</annotator>
        <span start="2937" end="2938" />
        <spannedText>t</spannedText>
        <creationDate>Tue Jan 05 19:02:02 CET 2021</creationDate>
    </annotation>
    <classMention id="EHOST_Instance_8510">
        <mentionClass id="NegCue">t</mentionClass>
    </classMention>
    <annotation>
        <mention id="EHOST_Instance_8511" />
        <annotator id="eHOST_2010">Eva</annotator>
        <span start="2936" end="2937" />
        <spannedText>’</spannedText>
        <creationDate>Tue Jan 05 19:02:10 CET 2021</creationDate>
    </annotation>
    <classMention id="EHOST_Instance_8511">
        <mentionClass id="NegCue">’</mentionClass>
    </classMention>
    <annotation>
        <mention id="EHOST_Instance_8512" />
        <annotator id="eHOST_2010">Eva</annotator>
        <span start="2935" end="2937" />
        <spannedText>n’</spannedText>
        <creationDate>Tue Jan 05 19:02:26 CET 2021</creationDate>
    </annotation>
    <classMention id="EHOST_Instance_8512">
        <mentionClass id="NegCue">n’</mentionClass>
    </classMention>
    <annotation>
        <mention id="EHOST_Instance_8513" />
        <annotator id="eHOST_2010">Eva</annotator>
        <span start="3277" end="3280" />
        <spannedText>not</spannedText>
        <creationDate>Tue Jan 05 19:02:38 CET 2021</creationDate>
    </annotation>
    <classMention id="EHOST_Instance_8513">
        <mentionClass id="NegCue">not</mentionClass>
    </classMention>
    <annotation>
        <mention id="EHOST_Instance_8514" />
        <annotator id="eHOST_2010">Eva</annotator>
        <span start="3422" end="3425" />
        <spannedText>not</spannedText>
        <creationDate>Tue Jan 05 19:02:44 CET 2021</creationDate>
    </annotation>
    <classMention id="EHOST_Instance_8514">
        <mentionClass id="NegCue">not</mentionClass>
    </classMention>
    <annotation>
        <mention id="EHOST_Instance_8515" />
        <annotator id="eHOST_2010">Eva</annotator>
        <span start="3487" end="3490" />
        <spannedText>not</spannedText>
        <creationDate>Tue Jan 05 19:02:48 CET 2021</creationDate>
    </annotation>
    <classMention id="EHOST_Instance_8515">
        <mentionClass id="NegCue">not</mentionClass>
    </classMention>
    <annotation>
        <mention id="EHOST_Instance_8516" />
        <annotator id="eHOST_2010">Eva</annotator>
        <span start="3505" end="3512" />
        <spannedText>neither</spannedText>
        <creationDate>Tue Jan 05 19:02:49 CET 2021</creationDate>
    </annotation>
    <classMention id="EHOST_Instance_8516">
        <mentionClass id="NegCue">neither</mentionClass>
    </classMention>
    <annotation>
        <mention id="EHOST_Instance_8517" />
        <annotator id="eHOST_2010">Eva</annotator>
        <span start="3929" end="3930" />
        <spannedText>t</spannedText>
        <creationDate>Tue Jan 05 19:03:04 CET 2021</creationDate>
    </annotation>
    <classMention id="EHOST_Instance_8517">
        <mentionClass id="NegCue">t</mentionClass>
    </classMention>
    <annotation>
        <mention id="EHOST_Instance_8518" />
        <annotator id="eHOST_2010">Eva</annotator>
        <span start="3928" end="3929" />
        <spannedText>’</spannedText>
        <creationDate>Tue Jan 05 19:03:05 CET 2021</creationDate>
    </annotation>
    <classMention id="EHOST_Instance_8518">
        <mentionClass id="NegCue">’</mentionClass>
    </classMention>
    <annotation>
        <mention id="EHOST_Instance_8519" />
        <annotator id="eHOST_2010">Eva</annotator>
        <span start="3972" end="3973" />
        <spannedText>t</spannedText>
        <creationDate>Tue Jan 05 19:03:11 CET 2021</creationDate>
    </annotation>
    <classMention id="EHOST_Instance_8519">
        <mentionClass id="NegCue">t</mentionClass>
    </classMention>
    <annotation>
        <mention id="EHOST_Instance_8520" />
        <annotator id="eHOST_2010">Eva</annotator>
        <span start="4325" end="4326" />
        <spannedText>t</spannedText>
        <creationDate>Tue Jan 05 19:03:23 CET 2021</creationDate>
    </annotation>
    <classMention id="EHOST_Instance_8520">
        <mentionClass id="NegCue">t</mentionClass>
    </classMention>
    <annotation>
        <mention id="EHOST_Instance_8521" />
        <annotator id="eHOST_2010">Eva</annotator>
        <span start="4872" end="4875" />
        <spannedText>not</spannedText>
        <creationDate>Tue Jan 05 19:03:40 CET 2021</creationDate>
    </annotation>
    <classMention id="EHOST_Instance_8521">
        <mentionClass id="NegCue">not</mentionClass>
    </classMention>
    <annotation>
        <mention id="EHOST_Instance_8522" />
        <annotator id="eHOST_2010">Eva</annotator>
        <span start="4984" end="4987" />
        <spannedText>not</spannedText>
        <creationDate>Tue Jan 05 19:03:44 CET 2021</creationDate>
    </annotation>
    <classMention id="EHOST_Instance_8522">
        <mentionClass id="NegCue">not</mentionClass>
    </classMention>
    <annotation>
        <mention id="EHOST_Instance_8523" />
        <annotator id="eHOST_2010">Eva</annotator>
        <span start="5145" end="5146" />
        <spannedText>t</spannedText>
        <creationDate>Tue Jan 05 19:03:50 CET 2021</creationDate>
    </annotation>
    <classMention id="EHOST_Instance_8523">
        <mentionClass id="NegCue">t</mentionClass>
    </classMention>
    <annotation>
        <mention id="EHOST_Instance_8524" />
        <annotator id="eHOST_2010">Eva</annotator>
        <span start="5625" end="5626" />
        <spannedText>t</spannedText>
        <creationDate>Tue Jan 05 19:05:08 CET 2021</creationDate>
    </annotation>
    <classMention id="EHOST_Instance_8524">
        <mentionClass id="NegCue">t</mentionClass>
    </classMention>
    <annotation>
        <mention id="EHOST_Instance_8525" />
        <annotator id="eHOST_2010">Eva</annotator>
        <span start="5750" end="5751" />
        <spannedText>t</spannedText>
        <creationDate>Tue Jan 05 19:05:58 CET 2021</creationDate>
    </annotation>
    <classMention id="EHOST_Instance_8525">
        <mentionClass id="NegCue">t</mentionClass>
    </classMention>
    <annotation>
        <mention id="EHOST_Instance_8526" />
        <annotator id="eHOST_2010">Eva</annotator>
        <span start="6429" end="6430" />
        <spannedText>t</spannedText>
        <creationDate>Tue Jan 05 19:06:21 CET 2021</creationDate>
    </annotation>
    <classMention id="EHOST_Instance_8526">
        <mentionClass id="NegCue">t</mentionClass>
    </classMention>
    <annotation>
        <mention id="EHOST_Instance_8527" />
        <annotator id="eHOST_2010">Eva</annotator>
        <span start="7079" end="7082" />
        <spannedText>not</spannedText>
        <creationDate>Tue Jan 05 19:07:16 CET 2021</creationDate>
    </annotation>
    <classMention id="EHOST_Instance_8527">
        <mentionClass id="NegCue">not</mentionClass>
    </classMention>
    <annotation>
        <mention id="EHOST_Instance_8528" />
        <annotator id="eHOST_2010">Eva</annotator>
        <span start="7128" end="7131" />
        <spannedText>not</spannedText>
        <creationDate>Tue Jan 05 19:07:19 CET 2021</creationDate>
    </annotation>
    <classMention id="EHOST_Instance_8528">
        <mentionClass id="NegCue">not</mentionClass>
    </classMention>
    <annotation>
        <mention id="EHOST_Instance_8529" />
        <annotator id="eHOST_2010">Eva</annotator>
        <span start="7223" end="7225" />
        <spannedText>un</spannedText>
        <creationDate>Tue Jan 05 19:07:35 CET 2021</creationDate>
    </annotation>
    <classMention id="EHOST_Instance_8529">
        <mentionClass id="NegCue">un</mentionClass>
    </classMention>
    <annotation>
        <mention id="EHOST_Instance_8530" />
        <annotator id="eHOST_2010">Eva</annotator>
        <span start="8263" end="8266" />
        <spannedText>n't</spannedText>
        <creationDate>Tue Jan 05 19:08:51 CET 2021</creationDate>
    </annotation>
    <classMention id="EHOST_Instance_8530">
        <mentionClass id="NegCue">n't</mentionClass>
    </classMention>
    <annotation>
        <mention id="EHOST_Instance_8531" />
        <annotator id="eHOST_2010">Eva</annotator>
        <span start="9715" end="9718" />
        <spannedText>not</spannedText>
        <creationDate>Tue Jan 05 19:09:06 CET 2021</creationDate>
    </annotation>
    <classMention id="EHOST_Instance_8531">
        <mentionClass id="NegCue">not</mentionClass>
    </classMention>
    <annotation>
        <mention id="EHOST_Instance_8532" />
        <annotator id="eHOST_2010">Eva</annotator>
        <span start="10063" end="10066" />
        <spannedText>not</spannedText>
        <creationDate>Tue Jan 05 19:09:14 CET 2021</creationDate>
    </annotation>
    <classMention id="EHOST_Instance_8532">
        <mentionClass id="NegCue">not</mentionClass>
    </classMention>
    <annotation>
        <mention id="EHOST_Instance_8533" />
        <annotator id="eHOST_2010">Eva</annotator>
        <span start="2617" end="2618" />
        <spannedText>t</spannedText>
        <creationDate>Tue Jan 05 19:09:50 CET 2021</creationDate>
    </annotation>
    <classMention id="EHOST_Instance_8533">
        <mentionClass id="NegCue">t</mentionClass>
    </classMention>
    <annotation>
        <mention id="EHOST_Instance_8534" />
        <annotator id="eHOST_2010">Eva</annotator>
        <span start="2660" end="2662" />
        <spannedText>im</spannedText>
        <creationDate>Tue Jan 05 20:22:49 CET 2021</creationDate>
    </annotation>
    <classMention id="EHOST_Instance_8534">
        <mentionClass id="NegCue">im</mentionClass>
    </classMention>
    <annotation>
        <mention id="EHOST_Instance_8535" />
        <annotator id="eHOST_2010">Eva</annotator>
        <span start="3665" end="3670" />
        <spannedText>Never</spannedText>
        <creationDate>Tue Jan 05 20:23:04 CET 2021</creationDate>
    </annotation>
    <classMention id="EHOST_Instance_8535">
        <mentionClass id="NegCue">Never</mentionClass>
    </classMention>
    <annotation>
        <mention id="EHOST_Instance_8536" />
        <annotator id="eHOST_2010">Eva</annotator>
        <span start="818" end="821" />
        <spannedText>n't</spannedText>
        <creationDate>Wed Jan 06 10:49:17 CET 2021</creationDate>
    </annotation>
    <classMention id="EHOST_Instance_8536">
        <mentionClass id="NegCue">n't</mentionClass>
    </classMention>
    <annotation>
        <mention id="EHOST_Instance_8537" />
        <annotator id="eHOST_2010">Eva</annotator>
        <span start="6719" end="6722" />
        <spannedText>not</spannedText>
        <creationDate>Wed Jan 06 12:33:21 CET 2021</creationDate>
    </annotation>
    <classMention id="EHOST_Instance_8537">
        <mentionClass id="NegCue">not</mentionClass>
    </classMention>
    <annotation>
        <mention id="EHOST_Instance_8538" />
        <annotator id="eHOST_2010">Eva</annotator>
        <span start="7819" end="7822" />
        <spannedText>non</spannedText>
        <creationDate>Wed Jan 06 12:33:49 CET 2021</creationDate>
    </annotation>
    <classMention id="EHOST_Instance_8538">
        <mentionClass id="NegCue">non</mentionClass>
    </classMention>
    <annotation>
        <mention id="EHOST_Instance_8539" />
        <annotator id="eHOST_2010">Eva</annotator>
        <span start="4107" end="4109" />
        <spannedText>un</spannedText>
        <creationDate>Wed Jan 06 12:34:16 CET 2021</creationDate>
    </annotation>
    <classMention id="EHOST_Instance_8539">
        <mentionClass id="NegCue">un</mentionClass>
    </classMention>
    <annotation>
        <mention id="EHOST_Instance_8540" />
        <annotator id="eHOST_2010">Eva</annotator>
        <span start="7767" end="7769" />
        <spannedText>un</spannedText>
        <creationDate>Wed Jan 06 12:34:39 CET 2021</creationDate>
    </annotation>
    <classMention id="EHOST_Instance_8540">
        <mentionClass id="NegCue">un</mentionClass>
    </classMention>
    <annotation>
        <mention id="EHOST_Instance_8541" />
        <annotator id="eHOST_2010">Eva</annotator>
        <span start="7058" end="7060" />
        <spannedText>un</spannedText>
        <creationDate>Wed Jan 06 12:35:00 CET 2021</creationDate>
    </annotation>
    <classMention id="EHOST_Instance_8541">
        <mentionClass id="NegCue">un</mentionClass>
    </classMention>
    <annotation>
        <mention id="EHOST_Instance_8542" />
        <annotator id="eHOST_2010">Eva</annotator>
        <span start="8186" end="8190" />
        <spannedText>less</spannedText>
        <creationDate>Wed Jan 06 12:47:20 CET 2021</creationDate>
    </annotation>
    <classMention id="EHOST_Instance_8542">
        <mentionClass id="NegCue">less</mentionClass>
    </classMention>
    <annotation>
        <mention id="EHOST_Instance_8543" />
        <annotator id="eHOST_2010">Eva</annotator>
        <span start="2616" end="2617" />
        <spannedText>’</spannedText>
        <creationDate>Thu Jan 07 16:02:40 CET 2021</creationDate>
    </annotation>
    <classMention id="EHOST_Instance_8543">
        <mentionClass id="NegCue">’</mentionClass>
    </classMention>
    <annotation>
        <mention id="EHOST_Instance_8544" />
        <annotator id="eHOST_2010">Eva</annotator>
        <span start="2615" end="2616" />
        <spannedText>n</spannedText>
        <creationDate>Thu Jan 07 16:02:49 CET 2021</creationDate>
    </annotation>
    <classMention id="EHOST_Instance_8544">
        <mentionClass id="NegCue">n</mentionClass>
    </classMention>
    <annotation>
        <mention id="EHOST_Instance_8545" />
        <annotator id="eHOST_2010">Eva</annotator>
        <span start="3927" end="3928" />
        <spannedText>n</spannedText>
        <creationDate>Thu Jan 07 16:03:12 CET 2021</creationDate>
    </annotation>
    <classMention id="EHOST_Instance_8545">
        <mentionClass id="NegCue">n</mentionClass>
    </classMention>
    <annotation>
        <mention id="EHOST_Instance_8546" />
        <annotator id="eHOST_2010">Eva</annotator>
        <span start="3970" end="3971" />
        <spannedText>n</spannedText>
        <creationDate>Thu Jan 07 16:03:21 CET 2021</creationDate>
    </annotation>
    <classMention id="EHOST_Instance_8546">
        <mentionClass id="NegCue">n</mentionClass>
    </classMention>
    <annotation>
        <mention id="EHOST_Instance_8547" />
        <annotator id="eHOST_2010">Eva</annotator>
        <span start="3971" end="3972" />
        <spannedText>’</spannedText>
        <creationDate>Thu Jan 07 16:03:26 CET 2021</creationDate>
    </annotation>
    <classMention id="EHOST_Instance_8547">
        <mentionClass id="NegCue">’</mentionClass>
    </classMention>
    <annotation>
        <mention id="EHOST_Instance_8548" />
        <annotator id="eHOST_2010">Eva</annotator>
        <span start="5144" end="5145" />
        <spannedText>’</spannedText>
        <creationDate>Thu Jan 07 16:03:29 CET 2021</creationDate>
    </annotation>
    <classMention id="EHOST_Instance_8548">
        <mentionClass id="NegCue">’</mentionClass>
    </classMention>
    <annotation>
        <mention id="EHOST_Instance_8549" />
        <annotator id="eHOST_2010">Eva</annotator>
        <span start="4324" end="4325" />
        <spannedText>’</spannedText>
        <creationDate>Thu Jan 07 16:03:33 CET 2021</creationDate>
    </annotation>
    <classMention id="EHOST_Instance_8549">
        <mentionClass id="NegCue">’</mentionClass>
    </classMention>
    <annotation>
        <mention id="EHOST_Instance_8550" />
        <annotator id="eHOST_2010">Eva</annotator>
        <span start="4323" end="4324" />
        <spannedText>n</spannedText>
        <creationDate>Thu Jan 07 16:03:42 CET 2021</creationDate>
    </annotation>
    <classMention id="EHOST_Instance_8550">
        <mentionClass id="NegCue">n</mentionClass>
    </classMention>
    <annotation>
        <mention id="EHOST_Instance_8551" />
        <annotator id="eHOST_2010">Eva</annotator>
        <span start="5143" end="5144" />
        <spannedText>n</spannedText>
        <creationDate>Thu Jan 07 16:03:53 CET 2021</creationDate>
    </annotation>
    <classMention id="EHOST_Instance_8551">
        <mentionClass id="NegCue">n</mentionClass>
    </classMention>
    <annotation>
        <mention id="EHOST_Instance_8552" />
        <annotator id="eHOST_2010">Eva</annotator>
        <span start="5623" end="5624" />
        <spannedText>n</spannedText>
        <creationDate>Thu Jan 07 16:04:13 CET 2021</creationDate>
    </annotation>
    <classMention id="EHOST_Instance_8552">
        <mentionClass id="NegCue">n</mentionClass>
    </classMention>
    <annotation>
        <mention id="EHOST_Instance_8553" />
        <annotator id="eHOST_2010">Eva</annotator>
        <span start="5748" end="5749" />
        <spannedText>n</spannedText>
        <creationDate>Thu Jan 07 16:04:28 CET 2021</creationDate>
    </annotation>
    <classMention id="EHOST_Instance_8553">
        <mentionClass id="NegCue">n</mentionClass>
    </classMention>
    <annotation>
        <mention id="EHOST_Instance_8554" />
        <annotator id="eHOST_2010">Eva</annotator>
        <span start="5624" end="5625" />
        <spannedText>’</spannedText>
        <creationDate>Thu Jan 07 16:04:18 CET 2021</creationDate>
    </annotation>
    <classMention id="EHOST_Instance_8554">
        <mentionClass id="NegCue">’</mentionClass>
    </classMention>
    <annotation>
        <mention id="EHOST_Instance_8555" />
        <annotator id="eHOST_2010">Eva</annotator>
        <span start="5749" end="5750" />
        <spannedText>’</spannedText>
        <creationDate>Thu Jan 07 16:04:20 CET 2021</creationDate>
    </annotation>
    <classMention id="EHOST_Instance_8555">
        <mentionClass id="NegCue">’</mentionClass>
    </classMention>
    <annotation>
        <mention id="EHOST_Instance_8556" />
        <annotator id="eHOST_2010">Eva</annotator>
        <span start="6428" end="6429" />
        <spannedText>’</spannedText>
        <creationDate>Thu Jan 07 16:04:43 CET 2021</creationDate>
    </annotation>
    <classMention id="EHOST_Instance_8556">
        <mentionClass id="NegCue">’</mentionClass>
    </classMention>
    <annotation>
        <mention id="EHOST_Instance_8557" />
        <annotator id="eHOST_2010">Eva</annotator>
        <span start="6427" end="6428" />
        <spannedText>n</spannedText>
        <creationDate>Thu Jan 07 16:04:48 CET 2021</creationDate>
    </annotation>
    <classMention id="EHOST_Instance_8557">
        <mentionClass id="NegCue">n</mentionClass>
    </classMention>
    <eHOST_Adjudication_Status version="1.0">
        <Adjudication_Selected_Annotators version="1.0" />
        <Adjudication_Selected_Classes version="1.0" />
        <Adjudication_Others>
            <CHECK_OVERLAPPED_SPANS>false</CHECK_OVERLAPPED_SPANS>
            <CHECK_ATTRIBUTES>false</CHECK_ATTRIBUTES>
            <CHECK_RELATIONSHIP>false</CHECK_RELATIONSHIP>
            <CHECK_CLASS>false</CHECK_CLASS>
            <CHECK_COMMENT>false</CHECK_COMMENT>
        </Adjudication_Others>
    </eHOST_Adjudication_Status>
</annotations>
