<?xml version="1.0" encoding="UTF-8"?>
<annotations textSource="emergency-cdc-gov_20170616T203204.txt">
    <annotation>
        <mention id="EHOST_Instance_8305" />
        <annotator id="eHOST_2010">Eva</annotator>
        <span start="4589" end="4592" />
        <spannedText>not</spannedText>
        <creationDate>Tue Jan 05 20:57:24 CET 2021</creationDate>
    </annotation>
    <classMention id="EHOST_Instance_8305">
        <mentionClass id="NegCue">not</mentionClass>
    </classMention>
    <annotation>
        <mention id="EHOST_Instance_8306" />
        <annotator id="eHOST_2010">Eva</annotator>
        <span start="4552" end="4557" />
        <spannedText>never</spannedText>
        <creationDate>Tue Jan 05 20:57:39 CET 2021</creationDate>
    </annotation>
    <classMention id="EHOST_Instance_8306">
        <mentionClass id="NegCue">never</mentionClass>
    </classMention>
    <annotation>
        <mention id="EHOST_Instance_8307" />
        <annotator id="eHOST_2010">Eva</annotator>
        <span start="6656" end="6659" />
        <spannedText>Not</spannedText>
        <creationDate>Wed Jan 06 10:33:47 CET 2021</creationDate>
    </annotation>
    <classMention id="EHOST_Instance_8307">
        <mentionClass id="NegCue">Not</mentionClass>
    </classMention>
    <annotation>
        <mention id="EHOST_Instance_8308" />
        <annotator id="eHOST_2010">Eva</annotator>
        <span start="2861" end="2863" />
        <spannedText>un</spannedText>
        <creationDate>Wed Jan 06 10:34:04 CET 2021</creationDate>
    </annotation>
    <classMention id="EHOST_Instance_8308">
        <mentionClass id="NegCue">un</mentionClass>
    </classMention>
    <annotation>
        <mention id="EHOST_Instance_8309" />
        <annotator id="eHOST_2010">Eva</annotator>
        <span start="2888" end="2890" />
        <spannedText>un</spannedText>
        <creationDate>Wed Jan 06 10:34:11 CET 2021</creationDate>
    </annotation>
    <classMention id="EHOST_Instance_8309">
        <mentionClass id="NegCue">un</mentionClass>
    </classMention>
    <annotation>
        <mention id="EHOST_Instance_8310" />
        <annotator id="eHOST_2010">Eva</annotator>
        <span start="3043" end="3045" />
        <spannedText>un</spannedText>
        <creationDate>Wed Jan 06 10:34:18 CET 2021</creationDate>
    </annotation>
    <classMention id="EHOST_Instance_8310">
        <mentionClass id="NegCue">un</mentionClass>
    </classMention>
    <annotation>
        <mention id="EHOST_Instance_8311" />
        <annotator id="eHOST_2010">Eva</annotator>
        <span start="2413" end="2415" />
        <spannedText>no</spannedText>
        <creationDate>Wed Jan 06 10:35:55 CET 2021</creationDate>
    </annotation>
    <classMention id="EHOST_Instance_8311">
        <mentionClass id="NegCue">no</mentionClass>
    </classMention>
    <annotation>
        <mention id="EHOST_Instance_8312" />
        <annotator id="eHOST_2010">Eva</annotator>
        <span start="3881" end="3883" />
        <spannedText>un</spannedText>
        <creationDate>Wed Jan 06 10:36:21 CET 2021</creationDate>
    </annotation>
    <classMention id="EHOST_Instance_8312">
        <mentionClass id="NegCue">un</mentionClass>
    </classMention>
    <annotation>
        <mention id="EHOST_Instance_8313" />
        <annotator id="eHOST_2010">Eva</annotator>
        <span start="5071" end="5074" />
        <spannedText>not</spannedText>
        <creationDate>Wed Jan 06 10:36:36 CET 2021</creationDate>
    </annotation>
    <classMention id="EHOST_Instance_8313">
        <mentionClass id="NegCue">not</mentionClass>
    </classMention>
    <annotation>
        <mention id="EHOST_Instance_8314" />
        <annotator id="eHOST_2010">Eva</annotator>
        <span start="4667" end="4670" />
        <spannedText>not</spannedText>
        <creationDate>Wed Jan 06 10:36:40 CET 2021</creationDate>
    </annotation>
    <classMention id="EHOST_Instance_8314">
        <mentionClass id="NegCue">not</mentionClass>
    </classMention>
    <annotation>
        <mention id="EHOST_Instance_8315" />
        <annotator id="eHOST_2010">Eva</annotator>
        <span start="3483" end="3486" />
        <spannedText>not</spannedText>
        <creationDate>Wed Jan 06 12:23:34 CET 2021</creationDate>
    </annotation>
    <classMention id="EHOST_Instance_8315">
        <mentionClass id="NegCue">not</mentionClass>
    </classMention>
    <annotation>
        <mention id="EHOST_Instance_8316" />
        <annotator id="eHOST_2010">Eva</annotator>
        <span start="2300" end="2302" />
        <spannedText>un</spannedText>
        <creationDate>Wed Jan 06 12:24:22 CET 2021</creationDate>
    </annotation>
    <classMention id="EHOST_Instance_8316">
        <mentionClass id="NegCue">un</mentionClass>
    </classMention>
    <eHOST_Adjudication_Status version="1.0">
        <Adjudication_Selected_Annotators version="1.0" />
        <Adjudication_Selected_Classes version="1.0" />
        <Adjudication_Others>
            <CHECK_OVERLAPPED_SPANS>false</CHECK_OVERLAPPED_SPANS>
            <CHECK_ATTRIBUTES>false</CHECK_ATTRIBUTES>
            <CHECK_RELATIONSHIP>false</CHECK_RELATIONSHIP>
            <CHECK_CLASS>false</CHECK_CLASS>
            <CHECK_COMMENT>false</CHECK_COMMENT>
        </Adjudication_Others>
    </eHOST_Adjudication_Status>
</annotations>
