<?xml version="1.0" encoding="UTF-8"?>
<annotations textSource="en-wikipedia-org_20170702T222036.txt">
    <annotation>
        <mention id="EHOST_Instance_8646" />
        <annotator id="eHOST_2010">Eva</annotator>
        <span start="954" end="956" />
        <spannedText>no</spannedText>
        <creationDate>Tue Jan 05 21:00:15 CET 2021</creationDate>
    </annotation>
    <classMention id="EHOST_Instance_8646">
        <mentionClass id="NegCue">no</mentionClass>
    </classMention>
    <annotation>
        <mention id="EHOST_Instance_8647" />
        <annotator id="eHOST_2010">Eva</annotator>
        <span start="1003" end="1006" />
        <spannedText>not</spannedText>
        <creationDate>Tue Jan 05 21:00:24 CET 2021</creationDate>
    </annotation>
    <classMention id="EHOST_Instance_8647">
        <mentionClass id="NegCue">not</mentionClass>
    </classMention>
    <annotation>
        <mention id="EHOST_Instance_8648" />
        <annotator id="eHOST_2010">Eva</annotator>
        <span start="1194" end="1197" />
        <spannedText>not</spannedText>
        <creationDate>Tue Jan 05 21:00:27 CET 2021</creationDate>
    </annotation>
    <classMention id="EHOST_Instance_8648">
        <mentionClass id="NegCue">not</mentionClass>
    </classMention>
    <annotation>
        <mention id="EHOST_Instance_8649" />
        <annotator id="eHOST_2010">Eva</annotator>
        <span start="2086" end="2089" />
        <spannedText>not</spannedText>
        <creationDate>Tue Jan 05 21:00:40 CET 2021</creationDate>
    </annotation>
    <classMention id="EHOST_Instance_8649">
        <mentionClass id="NegCue">not</mentionClass>
    </classMention>
    <annotation>
        <mention id="EHOST_Instance_8650" />
        <annotator id="eHOST_2010">Eva</annotator>
        <span start="3532" end="3535" />
        <spannedText>not</spannedText>
        <creationDate>Wed Jan 06 10:56:49 CET 2021</creationDate>
    </annotation>
    <classMention id="EHOST_Instance_8650">
        <mentionClass id="NegCue">not</mentionClass>
    </classMention>
    <eHOST_Adjudication_Status version="1.0">
        <Adjudication_Selected_Annotators version="1.0" />
        <Adjudication_Selected_Classes version="1.0" />
        <Adjudication_Others>
            <CHECK_OVERLAPPED_SPANS>false</CHECK_OVERLAPPED_SPANS>
            <CHECK_ATTRIBUTES>false</CHECK_ATTRIBUTES>
            <CHECK_RELATIONSHIP>false</CHECK_RELATIONSHIP>
            <CHECK_CLASS>false</CHECK_CLASS>
            <CHECK_COMMENT>false</CHECK_COMMENT>
        </Adjudication_Others>
    </eHOST_Adjudication_Status>
</annotations>

