<?xml version="1.0" encoding="UTF-8"?>
<annotations textSource="fitfortravel-nhs-uk_20160812T165007.txt">
    <annotation>
        <mention id="EHOST_Instance_8446" />
        <annotator id="eHOST_2010">Eva</annotator>
        <span start="609" end="612" />
        <spannedText>not</spannedText>
        <creationDate>Wed Jan 06 12:15:23 CET 2021</creationDate>
    </annotation>
    <classMention id="EHOST_Instance_8446">
        <mentionClass id="NegCue">not</mentionClass>
    </classMention>
    <annotation>
        <mention id="EHOST_Instance_8447" />
        <annotator id="eHOST_2010">Eva</annotator>
        <span start="1945" end="1947" />
        <spannedText>No</spannedText>
        <creationDate>Wed Jan 06 12:15:44 CET 2021</creationDate>
    </annotation>
    <classMention id="EHOST_Instance_8447">
        <mentionClass id="NegCue">No</mentionClass>
    </classMention>
    <annotation>
        <mention id="EHOST_Instance_8448" />
        <annotator id="eHOST_2010">Eva</annotator>
        <span start="2579" end="2582" />
        <spannedText>not</spannedText>
        <creationDate>Wed Jan 06 12:16:01 CET 2021</creationDate>
    </annotation>
    <classMention id="EHOST_Instance_8448">
        <mentionClass id="NegCue">not</mentionClass>
    </classMention>
    <annotation>
        <mention id="EHOST_Instance_8449" />
        <annotator id="eHOST_2010">Eva</annotator>
        <span start="3766" end="3769" />
        <spannedText>not</spannedText>
        <creationDate>Wed Jan 06 12:16:28 CET 2021</creationDate>
    </annotation>
    <classMention id="EHOST_Instance_8449">
        <mentionClass id="NegCue">not</mentionClass>
    </classMention>
    <annotation>
        <mention id="EHOST_Instance_8450" />
        <annotator id="eHOST_2010">Eva</annotator>
        <span start="4772" end="4775" />
        <spannedText>not</spannedText>
        <creationDate>Wed Jan 06 12:16:43 CET 2021</creationDate>
    </annotation>
    <classMention id="EHOST_Instance_8450">
        <mentionClass id="NegCue">not</mentionClass>
    </classMention>
    <annotation>
        <mention id="EHOST_Instance_8451" />
        <annotator id="eHOST_2010">Eva</annotator>
        <span start="4739" end="4741" />
        <spannedText>no</spannedText>
        <creationDate>Wed Jan 06 12:16:48 CET 2021</creationDate>
    </annotation>
    <classMention id="EHOST_Instance_8451">
        <mentionClass id="NegCue">no</mentionClass>
    </classMention>
    <annotation>
        <mention id="EHOST_Instance_8452" />
        <annotator id="eHOST_2010">Eva</annotator>
        <span start="5741" end="5743" />
        <spannedText>no</spannedText>
        <creationDate>Wed Jan 06 12:17:18 CET 2021</creationDate>
    </annotation>
    <classMention id="EHOST_Instance_8452">
        <mentionClass id="NegCue">no</mentionClass>
    </classMention>
    <annotation>
        <mention id="EHOST_Instance_8453" />
        <annotator id="eHOST_2010">Eva</annotator>
        <span start="6197" end="6200" />
        <spannedText>not</spannedText>
        <creationDate>Wed Jan 06 12:17:30 CET 2021</creationDate>
    </annotation>
    <classMention id="EHOST_Instance_8453">
        <mentionClass id="NegCue">not</mentionClass>
    </classMention>
    <annotation>
        <mention id="EHOST_Instance_8454" />
        <annotator id="eHOST_2010">Eva</annotator>
        <span start="6434" end="6437" />
        <spannedText>non</spannedText>
        <creationDate>Wed Jan 06 12:17:48 CET 2021</creationDate>
    </annotation>
    <classMention id="EHOST_Instance_8454">
        <mentionClass id="NegCue">non</mentionClass>
    </classMention>
    <annotation>
        <mention id="EHOST_Instance_8455" />
        <annotator id="eHOST_2010">Eva</annotator>
        <span start="3163" end="3166" />
        <spannedText>not</spannedText>
        <creationDate>Wed Jan 06 12:23:15 CET 2021</creationDate>
    </annotation>
    <classMention id="EHOST_Instance_8455">
        <mentionClass id="NegCue">not</mentionClass>
    </classMention>
    <annotation>
        <mention id="EHOST_Instance_8456" />
        <annotator id="eHOST_2010">Eva</annotator>
        <span start="6564" end="6567" />
        <spannedText>non</spannedText>
        <creationDate>Wed Jan 06 12:31:30 CET 2021</creationDate>
    </annotation>
    <classMention id="EHOST_Instance_8456">
        <mentionClass id="NegCue">non</mentionClass>
    </classMention>
    <annotation>
        <mention id="EHOST_Instance_8457" />
        <annotator id="eHOST_2010">Eva</annotator>
        <span start="6208" end="6215" />
        <spannedText>without</spannedText>
        <creationDate>Wed Jan 06 12:46:20 CET 2021</creationDate>
    </annotation>
    <classMention id="EHOST_Instance_8457">
        <mentionClass id="NegCue">without</mentionClass>
    </classMention>
    <eHOST_Adjudication_Status version="1.0">
        <Adjudication_Selected_Annotators version="1.0" />
        <Adjudication_Selected_Classes version="1.0" />
        <Adjudication_Others>
            <CHECK_OVERLAPPED_SPANS>false</CHECK_OVERLAPPED_SPANS>
            <CHECK_ATTRIBUTES>false</CHECK_ATTRIBUTES>
            <CHECK_RELATIONSHIP>false</CHECK_RELATIONSHIP>
            <CHECK_CLASS>false</CHECK_CLASS>
            <CHECK_COMMENT>false</CHECK_COMMENT>
        </Adjudication_Others>
    </eHOST_Adjudication_Status>
</annotations>
